#File; Subprogram; Line; Scope; Exec.Count; Exec.Time.Per; Callee.Time.Per; BB.index; Step.Addr; Step.Target.Addr; Step.Time; Step.Time.Exit
fdct.c; fdct;  68; .fdct;  1; 35; 0; 1; 206; 208; 2; 0
fdct.c; fdct;  0; .fdct;  1; 35; 0; 1; 208; 210; 2; 0
fdct.c; fdct;  0; .fdct;  1; 35; 0; 1; 210; 212; 1; 0
fdct.c; fdct;  0; .fdct;  1; 35; 0; 1; 212; 214; 1; 0
fdct.c; fdct;  0; .fdct;  1; 35; 0; 1; 214; 216; 2; 0
fdct.c; fdct;  0; .fdct;  1; 35; 0; 1; 216; 218; 1; 0
fdct.c; fdct;  0; .fdct;  1; 35; 0; 1; 218; 220; 1; 0
fdct.c; fdct;  0; .fdct;  1; 35; 0; 1; 220; 222; 1; 0
fdct.c; fdct;  0; .fdct;  1; 35; 0; 1; 222; 224; 1; 0
fdct.c; fdct;  0; .fdct;  1; 35; 0; 1; 224; 226; 1; 0
fdct.c; fdct;  0; .fdct;  1; 35; 0; 1; 226; 228; 2; 0
fdct.c; fdct;  0; .fdct;  1; 35; 0; 1; 228; 230; 2; 0
fdct.c; fdct;  0; .fdct;  1; 35; 0; 1; 230; 232; 2; 0
fdct.c; fdct;  0; .fdct;  1; 35; 0; 1; 232; 234; 2; 0
fdct.c; fdct;  81; .fdct;  1; 35; 0; 1; 234; 236; 2; 0
fdct.c; fdct;  0; .fdct;  1; 35; 0; 1; 236; 238; 2; 0
fdct.c; fdct;  0; .fdct;  1; 35; 0; 1; 238; 240; 2; 0
fdct.c; fdct;  0; .fdct;  1; 35; 0; 1; 240; 242; 2; 0
fdct.c; fdct;  83; .fdct;  1; 35; 0; 1; 242; 244; 2; 0
fdct.c; fdct;  0; .fdct;  1; 35; 0; 1; 244; 246; 2; 0
fdct.c; fdct;  0; .fdct;  1; 35; 0; 1; 246; 1430; 1; 1
fdct.c; fdct;  83; ;  9; 7- 8; 0; 2; 1430; 1432; 2; 0
fdct.c; fdct;  0; ;  9; 7- 8; 0; 2; 1432; 1434; 2; 0
fdct.c; fdct;  0; ;  9; 7- 8; 0; 2; 1434; 1436; 1; 0
fdct.c; fdct;  0; ;  9; 7- 8; 0; 2; 1436; 1438; 1; 0
fdct.c; fdct;  0; ;  9; 7- 8; 0; 2; 1438; 1440, 1442; 1; 0- 1
; fdct;  0; ;  8; 971; 0; 3; 1440; 248; 1; 1
fdct.c; fdct;  85; ;  8; 971; 0; 3; 248; 250; 2; 0
fdct.c; fdct;  0; ;  8; 971; 0; 3; 250; 252; 2; 0
fdct.c; fdct;  0; ;  8; 971; 0; 3; 252; 254; 1; 0
fdct.c; fdct;  0; ;  8; 971; 0; 3; 254; 256; 2; 0
fdct.c; fdct;  0; ;  8; 971; 0; 3; 256; 258; 2; 0
fdct.c; fdct;  0; ;  8; 971; 0; 3; 258; 260; 2; 0
fdct.c; fdct;  0; ;  8; 971; 0; 3; 260; 262; 2; 0
fdct.c; fdct;  0; ;  8; 971; 0; 3; 262; 264; 2; 0
fdct.c; fdct;  0; ;  8; 971; 0; 3; 264; 266; 1; 0
fdct.c; fdct;  0; ;  8; 971; 0; 3; 266; 268; 2; 0
fdct.c; fdct;  0; ;  8; 971; 0; 3; 268; 270; 2; 0
fdct.c; fdct;  0; ;  8; 971; 0; 3; 270; 272; 1; 0
fdct.c; fdct;  0; ;  8; 971; 0; 3; 272; 274; 1; 0
fdct.c; fdct;  0; ;  8; 971; 0; 3; 274; 276; 2; 0
fdct.c; fdct;  0; ;  8; 971; 0; 3; 276; 278; 2; 0
fdct.c; fdct;  86; ;  8; 971; 0; 3; 278; 280; 2; 0
fdct.c; fdct;  0; ;  8; 971; 0; 3; 280; 282; 2; 0
fdct.c; fdct;  0; ;  8; 971; 0; 3; 282; 284; 1; 0
fdct.c; fdct;  0; ;  8; 971; 0; 3; 284; 286; 2; 0
fdct.c; fdct;  0; ;  8; 971; 0; 3; 286; 288; 2; 0
fdct.c; fdct;  0; ;  8; 971; 0; 3; 288; 290; 2; 0
fdct.c; fdct;  0; ;  8; 971; 0; 3; 290; 292; 2; 0
fdct.c; fdct;  0; ;  8; 971; 0; 3; 292; 294; 2; 0
fdct.c; fdct;  0; ;  8; 971; 0; 3; 294; 296; 1; 0
fdct.c; fdct;  0; ;  8; 971; 0; 3; 296; 298; 2; 0
fdct.c; fdct;  0; ;  8; 971; 0; 3; 298; 300; 2; 0
fdct.c; fdct;  0; ;  8; 971; 0; 3; 300; 302; 1; 0
fdct.c; fdct;  0; ;  8; 971; 0; 3; 302; 304; 1; 0
fdct.c; fdct;  0; ;  8; 971; 0; 3; 304; 306; 1; 0
fdct.c; fdct;  0; ;  8; 971; 0; 3; 306; 308; 1; 0
fdct.c; fdct;  0; ;  8; 971; 0; 3; 308; 310; 2; 0
fdct.c; fdct;  0; ;  8; 971; 0; 3; 310; 312; 2; 0
fdct.c; fdct;  87; ;  8; 971; 0; 3; 312; 314; 2; 0
fdct.c; fdct;  0; ;  8; 971; 0; 3; 314; 316; 2; 0
fdct.c; fdct;  0; ;  8; 971; 0; 3; 316; 318; 2; 0
fdct.c; fdct;  0; ;  8; 971; 0; 3; 318; 320; 1; 0
fdct.c; fdct;  0; ;  8; 971; 0; 3; 320; 322; 2; 0
fdct.c; fdct;  0; ;  8; 971; 0; 3; 322; 324; 2; 0
fdct.c; fdct;  0; ;  8; 971; 0; 3; 324; 326; 2; 0
fdct.c; fdct;  0; ;  8; 971; 0; 3; 326; 328; 2; 0
fdct.c; fdct;  0; ;  8; 971; 0; 3; 328; 330; 2; 0
fdct.c; fdct;  0; ;  8; 971; 0; 3; 330; 332; 1; 0
fdct.c; fdct;  0; ;  8; 971; 0; 3; 332; 334; 2; 0
fdct.c; fdct;  0; ;  8; 971; 0; 3; 334; 336; 2; 0
fdct.c; fdct;  0; ;  8; 971; 0; 3; 336; 338; 1; 0
fdct.c; fdct;  0; ;  8; 971; 0; 3; 338; 340; 1; 0
fdct.c; fdct;  0; ;  8; 971; 0; 3; 340; 342; 2; 0
fdct.c; fdct;  0; ;  8; 971; 0; 3; 342; 344; 2; 0
fdct.c; fdct;  88; ;  8; 971; 0; 3; 344; 346; 2; 0
fdct.c; fdct;  0; ;  8; 971; 0; 3; 346; 348; 2; 0
fdct.c; fdct;  0; ;  8; 971; 0; 3; 348; 350; 2; 0
fdct.c; fdct;  0; ;  8; 971; 0; 3; 350; 352; 1; 0
fdct.c; fdct;  0; ;  8; 971; 0; 3; 352; 354; 2; 0
fdct.c; fdct;  0; ;  8; 971; 0; 3; 354; 356; 2; 0
fdct.c; fdct;  0; ;  8; 971; 0; 3; 356; 358; 2; 0
fdct.c; fdct;  0; ;  8; 971; 0; 3; 358; 360; 2; 0
fdct.c; fdct;  0; ;  8; 971; 0; 3; 360; 362; 2; 0
fdct.c; fdct;  0; ;  8; 971; 0; 3; 362; 364; 1; 0
fdct.c; fdct;  0; ;  8; 971; 0; 3; 364; 366; 2; 0
fdct.c; fdct;  0; ;  8; 971; 0; 3; 366; 368; 2; 0
fdct.c; fdct;  0; ;  8; 971; 0; 3; 368; 370; 1; 0
fdct.c; fdct;  0; ;  8; 971; 0; 3; 370; 372; 1; 0
fdct.c; fdct;  0; ;  8; 971; 0; 3; 372; 374; 1; 0
fdct.c; fdct;  0; ;  8; 971; 0; 3; 374; 376; 1; 0
fdct.c; fdct;  0; ;  8; 971; 0; 3; 376; 378; 2; 0
fdct.c; fdct;  0; ;  8; 971; 0; 3; 378; 380; 2; 0
fdct.c; fdct;  89; ;  8; 971; 0; 3; 380; 382; 2; 0
fdct.c; fdct;  0; ;  8; 971; 0; 3; 382; 384; 2; 0
fdct.c; fdct;  0; ;  8; 971; 0; 3; 384; 386; 2; 0
fdct.c; fdct;  0; ;  8; 971; 0; 3; 386; 388; 1; 0
fdct.c; fdct;  0; ;  8; 971; 0; 3; 388; 390; 2; 0
fdct.c; fdct;  0; ;  8; 971; 0; 3; 390; 392; 2; 0
fdct.c; fdct;  0; ;  8; 971; 0; 3; 392; 394; 2; 0
fdct.c; fdct;  0; ;  8; 971; 0; 3; 394; 396; 2; 0
fdct.c; fdct;  0; ;  8; 971; 0; 3; 396; 398; 2; 0
fdct.c; fdct;  0; ;  8; 971; 0; 3; 398; 400; 1; 0
fdct.c; fdct;  0; ;  8; 971; 0; 3; 400; 402; 2; 0
fdct.c; fdct;  0; ;  8; 971; 0; 3; 402; 404; 2; 0
fdct.c; fdct;  0; ;  8; 971; 0; 3; 404; 406; 1; 0
fdct.c; fdct;  0; ;  8; 971; 0; 3; 406; 408; 1; 0
fdct.c; fdct;  0; ;  8; 971; 0; 3; 408; 410; 2; 0
fdct.c; fdct;  0; ;  8; 971; 0; 3; 410; 412; 2; 0
fdct.c; fdct;  90; ;  8; 971; 0; 3; 412; 414; 2; 0
fdct.c; fdct;  0; ;  8; 971; 0; 3; 414; 416; 2; 0
fdct.c; fdct;  0; ;  8; 971; 0; 3; 416; 418; 2; 0
fdct.c; fdct;  0; ;  8; 971; 0; 3; 418; 420; 1; 0
fdct.c; fdct;  0; ;  8; 971; 0; 3; 420; 422; 2; 0
fdct.c; fdct;  0; ;  8; 971; 0; 3; 422; 424; 2; 0
fdct.c; fdct;  0; ;  8; 971; 0; 3; 424; 426; 2; 0
fdct.c; fdct;  0; ;  8; 971; 0; 3; 426; 428; 2; 0
fdct.c; fdct;  0; ;  8; 971; 0; 3; 428; 430; 2; 0
fdct.c; fdct;  0; ;  8; 971; 0; 3; 430; 432; 1; 0
fdct.c; fdct;  0; ;  8; 971; 0; 3; 432; 434; 2; 0
fdct.c; fdct;  0; ;  8; 971; 0; 3; 434; 436; 2; 0
fdct.c; fdct;  0; ;  8; 971; 0; 3; 436; 438; 1; 0
fdct.c; fdct;  0; ;  8; 971; 0; 3; 438; 440; 1; 0
fdct.c; fdct;  0; ;  8; 971; 0; 3; 440; 442; 1; 0
fdct.c; fdct;  0; ;  8; 971; 0; 3; 442; 444; 1; 0
fdct.c; fdct;  0; ;  8; 971; 0; 3; 444; 446; 2; 0
fdct.c; fdct;  0; ;  8; 971; 0; 3; 446; 448; 2; 0
fdct.c; fdct;  91; ;  8; 971; 0; 3; 448; 450; 2; 0
fdct.c; fdct;  0; ;  8; 971; 0; 3; 450; 452; 2; 0
fdct.c; fdct;  0; ;  8; 971; 0; 3; 452; 454; 2; 0
fdct.c; fdct;  0; ;  8; 971; 0; 3; 454; 456; 1; 0
fdct.c; fdct;  0; ;  8; 971; 0; 3; 456; 458; 2; 0
fdct.c; fdct;  0; ;  8; 971; 0; 3; 458; 460; 2; 0
fdct.c; fdct;  0; ;  8; 971; 0; 3; 460; 462; 2; 0
fdct.c; fdct;  0; ;  8; 971; 0; 3; 462; 464; 2; 0
fdct.c; fdct;  0; ;  8; 971; 0; 3; 464; 466; 2; 0
fdct.c; fdct;  0; ;  8; 971; 0; 3; 466; 468; 1; 0
fdct.c; fdct;  0; ;  8; 971; 0; 3; 468; 470; 2; 0
fdct.c; fdct;  0; ;  8; 971; 0; 3; 470; 472; 2; 0
fdct.c; fdct;  0; ;  8; 971; 0; 3; 472; 474; 1; 0
fdct.c; fdct;  0; ;  8; 971; 0; 3; 474; 476; 1; 0
fdct.c; fdct;  0; ;  8; 971; 0; 3; 476; 478; 2; 0
fdct.c; fdct;  0; ;  8; 971; 0; 3; 478; 480; 2; 0
fdct.c; fdct;  92; ;  8; 971; 0; 3; 480; 482; 2; 0
fdct.c; fdct;  0; ;  8; 971; 0; 3; 482; 484; 2; 0
fdct.c; fdct;  0; ;  8; 971; 0; 3; 484; 486; 2; 0
fdct.c; fdct;  0; ;  8; 971; 0; 3; 486; 488; 1; 0
fdct.c; fdct;  0; ;  8; 971; 0; 3; 488; 490; 2; 0
fdct.c; fdct;  0; ;  8; 971; 0; 3; 490; 492; 2; 0
fdct.c; fdct;  0; ;  8; 971; 0; 3; 492; 494; 2; 0
fdct.c; fdct;  0; ;  8; 971; 0; 3; 494; 496; 2; 0
fdct.c; fdct;  0; ;  8; 971; 0; 3; 496; 498; 2; 0
fdct.c; fdct;  0; ;  8; 971; 0; 3; 498; 500; 1; 0
fdct.c; fdct;  0; ;  8; 971; 0; 3; 500; 502; 2; 0
fdct.c; fdct;  0; ;  8; 971; 0; 3; 502; 504; 2; 0
fdct.c; fdct;  0; ;  8; 971; 0; 3; 504; 506; 1; 0
fdct.c; fdct;  0; ;  8; 971; 0; 3; 506; 508; 1; 0
fdct.c; fdct;  0; ;  8; 971; 0; 3; 508; 510; 1; 0
fdct.c; fdct;  0; ;  8; 971; 0; 3; 510; 512; 1; 0
fdct.c; fdct;  0; ;  8; 971; 0; 3; 512; 514; 2; 0
fdct.c; fdct;  0; ;  8; 971; 0; 3; 514; 516; 2; 0
fdct.c; fdct;  98; ;  8; 971; 0; 3; 516; 518; 2; 0
fdct.c; fdct;  0; ;  8; 971; 0; 3; 518; 520; 2; 0
fdct.c; fdct;  0; ;  8; 971; 0; 3; 520; 522; 2; 0
fdct.c; fdct;  0; ;  8; 971; 0; 3; 522; 524; 2; 0
fdct.c; fdct;  0; ;  8; 971; 0; 3; 524; 526; 1; 0
fdct.c; fdct;  0; ;  8; 971; 0; 3; 526; 528; 1; 0
fdct.c; fdct;  0; ;  8; 971; 0; 3; 528; 530; 2; 0
fdct.c; fdct;  0; ;  8; 971; 0; 3; 530; 532; 2; 0
fdct.c; fdct;  99; ;  8; 971; 0; 3; 532; 534; 2; 0
fdct.c; fdct;  0; ;  8; 971; 0; 3; 534; 536; 2; 0
fdct.c; fdct;  0; ;  8; 971; 0; 3; 536; 538; 2; 0
fdct.c; fdct;  0; ;  8; 971; 0; 3; 538; 540; 2; 0
fdct.c; fdct;  0; ;  8; 971; 0; 3; 540; 542; 1; 0
fdct.c; fdct;  0; ;  8; 971; 0; 3; 542; 544; 1; 0
fdct.c; fdct;  0; ;  8; 971; 0; 3; 544; 546; 1; 0
fdct.c; fdct;  0; ;  8; 971; 0; 3; 546; 548; 1; 0
fdct.c; fdct;  0; ;  8; 971; 0; 3; 548; 550; 2; 0
fdct.c; fdct;  0; ;  8; 971; 0; 3; 550; 552; 2; 0
fdct.c; fdct;  100; ;  8; 971; 0; 3; 552; 554; 2; 0
fdct.c; fdct;  0; ;  8; 971; 0; 3; 554; 556; 2; 0
fdct.c; fdct;  0; ;  8; 971; 0; 3; 556; 558; 2; 0
fdct.c; fdct;  0; ;  8; 971; 0; 3; 558; 560; 2; 0
fdct.c; fdct;  0; ;  8; 971; 0; 3; 560; 562; 1; 0
fdct.c; fdct;  0; ;  8; 971; 0; 3; 562; 564; 1; 0
fdct.c; fdct;  0; ;  8; 971; 0; 3; 564; 566; 2; 0
fdct.c; fdct;  0; ;  8; 971; 0; 3; 566; 568; 2; 0
fdct.c; fdct;  101; ;  8; 971; 0; 3; 568; 570; 2; 0
fdct.c; fdct;  0; ;  8; 971; 0; 3; 570; 572; 2; 0
fdct.c; fdct;  0; ;  8; 971; 0; 3; 572; 574; 2; 0
fdct.c; fdct;  0; ;  8; 971; 0; 3; 574; 576; 2; 0
fdct.c; fdct;  0; ;  8; 971; 0; 3; 576; 578; 1; 0
fdct.c; fdct;  0; ;  8; 971; 0; 3; 578; 580; 1; 0
fdct.c; fdct;  0; ;  8; 971; 0; 3; 580; 582; 1; 0
fdct.c; fdct;  0; ;  8; 971; 0; 3; 582; 584; 1; 0
fdct.c; fdct;  0; ;  8; 971; 0; 3; 584; 586; 2; 0
fdct.c; fdct;  0; ;  8; 971; 0; 3; 586; 588; 2; 0
fdct.c; fdct;  103; ;  8; 971; 0; 3; 588; 590; 2; 0
fdct.c; fdct;  0; ;  8; 971; 0; 3; 590; 592; 2; 0
fdct.c; fdct;  0; ;  8; 971; 0; 3; 592; 594; 2; 0
fdct.c; fdct;  0; ;  8; 971; 0; 3; 594; 596; 2; 0
fdct.c; fdct;  0; ;  8; 971; 0; 3; 596; 598; 1; 0
fdct.c; fdct;  0; ;  8; 971; 0; 3; 598; 600; 1; 0
fdct.c; fdct;  0; ;  8; 971; 0; 3; 600; 602; 1; 0
fdct.c; fdct;  0; ;  8; 971; 0; 3; 602; 604; 1; 0
fdct.c; fdct;  0; ;  8; 971; 0; 3; 604; 606; 1; 0
fdct.c; fdct;  0; ;  8; 971; 0; 3; 606; 608; 1; 0
fdct.c; fdct;  0; ;  8; 971; 0; 3; 608; 610; 1; 0
fdct.c; fdct;  0; ;  8; 971; 0; 3; 610; 612; 2; 0
fdct.c; fdct;  0; ;  8; 971; 0; 3; 612; 614; 2; 0
fdct.c; fdct;  0; ;  8; 971; 0; 3; 614; 616; 1; 0
fdct.c; fdct;  0; ;  8; 971; 0; 3; 616; 618; 2; 0
fdct.c; fdct;  0; ;  8; 971; 0; 3; 618; 620; 2; 0
fdct.c; fdct;  104; ;  8; 971; 0; 3; 620; 622; 2; 0
fdct.c; fdct;  0; ;  8; 971; 0; 3; 622; 624; 2; 0
fdct.c; fdct;  0; ;  8; 971; 0; 3; 624; 626; 2; 0
fdct.c; fdct;  0; ;  8; 971; 0; 3; 626; 628; 2; 0
fdct.c; fdct;  0; ;  8; 971; 0; 3; 628; 630; 2; 0
fdct.c; fdct;  0; ;  8; 971; 0; 3; 630; 632; 2; 0
fdct.c; fdct;  0; ;  8; 971; 0; 3; 632; 634; 2; 0
fdct.c; fdct;  0; ;  8; 971; 0; 3; 634; 636; 1; 0
fdct.c; fdct;  0; ;  8; 971; 0; 3; 636; 638; 1; 0
fdct.c; fdct;  0; ;  8; 971; 0; 3; 638; 640; 1; 0
fdct.c; fdct;  0; ;  8; 971; 0; 3; 640; 642; 1; 0
fdct.c; fdct;  0; ;  8; 971; 0; 3; 642; 644; 1; 0
fdct.c; fdct;  0; ;  8; 971; 0; 3; 644; 646; 1; 0
fdct.c; fdct;  0; ;  8; 971; 0; 3; 646; 648; 1; 0
fdct.c; fdct;  0; ;  8; 971; 0; 3; 648; 650; 1; 0
fdct.c; fdct;  0; ;  8; 971; 0; 3; 650; 652; 1; 0
fdct.c; fdct;  0; ;  8; 971; 0; 3; 652; 654; 2; 0
fdct.c; fdct;  0; ;  8; 971; 0; 3; 654; 656; 2; 0
fdct.c; fdct;  106; ;  8; 971; 0; 3; 656; 658; 1; 0
fdct.c; fdct;  0; ;  8; 971; 0; 3; 658; 660; 1; 0
fdct.c; fdct;  0; ;  8; 971; 0; 3; 660; 662; 2; 0
fdct.c; fdct;  0; ;  8; 971; 0; 3; 662; 664; 2; 0
fdct.c; fdct;  107; ;  8; 971; 0; 3; 664; 666; 2; 0
fdct.c; fdct;  0; ;  8; 971; 0; 3; 666; 668; 2; 0
fdct.c; fdct;  0; ;  8; 971; 0; 3; 668; 670; 2; 0
fdct.c; fdct;  0; ;  8; 971; 0; 3; 670; 672; 2; 0
fdct.c; fdct;  0; ;  8; 971; 0; 3; 672; 674; 1; 0
fdct.c; fdct;  0; ;  8; 971; 0; 3; 674; 676; 1; 0
fdct.c; fdct;  0; ;  8; 971; 0; 3; 676; 678; 1; 0
fdct.c; fdct;  0; ;  8; 971; 0; 3; 678; 680; 2; 0
fdct.c; fdct;  0; ;  8; 971; 0; 3; 680; 682; 2; 0
fdct.c; fdct;  0; ;  8; 971; 0; 3; 682; 684; 2; 0
fdct.c; fdct;  0; ;  8; 971; 0; 3; 684; 686; 1; 0
fdct.c; fdct;  0; ;  8; 971; 0; 3; 686; 688; 2; 0
fdct.c; fdct;  0; ;  8; 971; 0; 3; 688; 690; 1; 0
fdct.c; fdct;  0; ;  8; 971; 0; 3; 690; 692; 2; 0
fdct.c; fdct;  0; ;  8; 971; 0; 3; 692; 694; 1; 0
fdct.c; fdct;  0; ;  8; 971; 0; 3; 694; 696; 1; 0
fdct.c; fdct;  0; ;  8; 971; 0; 3; 696; 698; 2; 0
fdct.c; fdct;  0; ;  8; 971; 0; 3; 698; 700; 2; 0
fdct.c; fdct;  108; ;  8; 971; 0; 3; 700; 702; 1; 0
fdct.c; fdct;  0; ;  8; 971; 0; 3; 702; 704; 1; 0
fdct.c; fdct;  0; ;  8; 971; 0; 3; 704; 706; 2; 0
fdct.c; fdct;  0; ;  8; 971; 0; 3; 706; 708; 2; 0
fdct.c; fdct;  109; ;  8; 971; 0; 3; 708; 710; 2; 0
fdct.c; fdct;  0; ;  8; 971; 0; 3; 710; 712; 2; 0
fdct.c; fdct;  0; ;  8; 971; 0; 3; 712; 714; 2; 0
fdct.c; fdct;  0; ;  8; 971; 0; 3; 714; 716; 2; 0
fdct.c; fdct;  0; ;  8; 971; 0; 3; 716; 718; 2; 0
fdct.c; fdct;  0; ;  8; 971; 0; 3; 718; 720; 2; 0
fdct.c; fdct;  0; ;  8; 971; 0; 3; 720; 722; 2; 0
fdct.c; fdct;  0; ;  8; 971; 0; 3; 722; 724; 2; 0
fdct.c; fdct;  0; ;  8; 971; 0; 3; 724; 726; 1; 0
fdct.c; fdct;  0; ;  8; 971; 0; 3; 726; 728; 2; 0
fdct.c; fdct;  0; ;  8; 971; 0; 3; 728; 730; 1; 0
fdct.c; fdct;  0; ;  8; 971; 0; 3; 730; 732; 2; 0
fdct.c; fdct;  0; ;  8; 971; 0; 3; 732; 734; 1; 0
fdct.c; fdct;  0; ;  8; 971; 0; 3; 734; 736; 1; 0
fdct.c; fdct;  0; ;  8; 971; 0; 3; 736; 738; 2; 0
fdct.c; fdct;  0; ;  8; 971; 0; 3; 738; 740; 2; 0
fdct.c; fdct;  0; ;  8; 971; 0; 3; 740; 742; 1; 0
fdct.c; fdct;  0; ;  8; 971; 0; 3; 742; 744; 1; 0
fdct.c; fdct;  0; ;  8; 971; 0; 3; 744; 746; 1; 0
fdct.c; fdct;  0; ;  8; 971; 0; 3; 746; 748; 2; 0
fdct.c; fdct;  0; ;  8; 971; 0; 3; 748; 750; 1; 0
fdct.c; fdct;  0; ;  8; 971; 0; 3; 750; 752; 1; 0
fdct.c; fdct;  0; ;  8; 971; 0; 3; 752; 754; 1; 0
fdct.c; fdct;  0; ;  8; 971; 0; 3; 754; 756; 1; 0
fdct.c; fdct;  0; ;  8; 971; 0; 3; 756; 758; 2; 0
fdct.c; fdct;  0; ;  8; 971; 0; 3; 758; 760; 2; 0
fdct.c; fdct;  110; ;  8; 971; 0; 3; 760; 762; 1; 0
fdct.c; fdct;  0; ;  8; 971; 0; 3; 762; 764; 1; 0
fdct.c; fdct;  0; ;  8; 971; 0; 3; 764; 766; 2; 0
fdct.c; fdct;  0; ;  8; 971; 0; 3; 766; 768; 2; 0
fdct.c; fdct;  111; ;  8; 971; 0; 3; 768; 770; 2; 0
fdct.c; fdct;  0; ;  8; 971; 0; 3; 770; 772; 2; 0
fdct.c; fdct;  0; ;  8; 971; 0; 3; 772; 774; 2; 0
fdct.c; fdct;  0; ;  8; 971; 0; 3; 774; 776; 2; 0
fdct.c; fdct;  0; ;  8; 971; 0; 3; 776; 778; 2; 0
fdct.c; fdct;  0; ;  8; 971; 0; 3; 778; 780; 2; 0
fdct.c; fdct;  0; ;  8; 971; 0; 3; 780; 782; 2; 0
fdct.c; fdct;  0; ;  8; 971; 0; 3; 782; 784; 2; 0
fdct.c; fdct;  0; ;  8; 971; 0; 3; 784; 786; 1; 0
fdct.c; fdct;  0; ;  8; 971; 0; 3; 786; 788; 2; 0
fdct.c; fdct;  0; ;  8; 971; 0; 3; 788; 790; 1; 0
fdct.c; fdct;  0; ;  8; 971; 0; 3; 790; 792; 2; 0
fdct.c; fdct;  0; ;  8; 971; 0; 3; 792; 794; 1; 0
fdct.c; fdct;  0; ;  8; 971; 0; 3; 794; 796; 1; 0
fdct.c; fdct;  0; ;  8; 971; 0; 3; 796; 798; 2; 0
fdct.c; fdct;  0; ;  8; 971; 0; 3; 798; 800; 2; 0
fdct.c; fdct;  0; ;  8; 971; 0; 3; 800; 802; 1; 0
fdct.c; fdct;  0; ;  8; 971; 0; 3; 802; 804; 1; 0
fdct.c; fdct;  0; ;  8; 971; 0; 3; 804; 806; 1; 0
fdct.c; fdct;  0; ;  8; 971; 0; 3; 806; 808; 2; 0
fdct.c; fdct;  0; ;  8; 971; 0; 3; 808; 810; 1; 0
fdct.c; fdct;  0; ;  8; 971; 0; 3; 810; 812; 1; 0
fdct.c; fdct;  0; ;  8; 971; 0; 3; 812; 814; 1; 0
fdct.c; fdct;  0; ;  8; 971; 0; 3; 814; 816; 1; 0
fdct.c; fdct;  0; ;  8; 971; 0; 3; 816; 818; 2; 0
fdct.c; fdct;  0; ;  8; 971; 0; 3; 818; 820; 2; 0
fdct.c; fdct;  118; ;  8; 971; 0; 3; 820; 822; 2; 0
fdct.c; fdct;  0; ;  8; 971; 0; 3; 822; 824; 2; 0
fdct.c; fdct;  0; ;  8; 971; 0; 3; 824; 826; 2; 0
fdct.c; fdct;  0; ;  8; 971; 0; 3; 826; 828; 2; 0
fdct.c; fdct;  0; ;  8; 971; 0; 3; 828; 830; 1; 0
fdct.c; fdct;  0; ;  8; 971; 0; 3; 830; 832; 1; 0
fdct.c; fdct;  0; ;  8; 971; 0; 3; 832; 834; 2; 0
fdct.c; fdct;  0; ;  8; 971; 0; 3; 834; 836; 2; 0
fdct.c; fdct;  119; ;  8; 971; 0; 3; 836; 838; 2; 0
fdct.c; fdct;  0; ;  8; 971; 0; 3; 838; 840; 2; 0
fdct.c; fdct;  0; ;  8; 971; 0; 3; 840; 842; 2; 0
fdct.c; fdct;  0; ;  8; 971; 0; 3; 842; 844; 2; 0
fdct.c; fdct;  0; ;  8; 971; 0; 3; 844; 846; 1; 0
fdct.c; fdct;  0; ;  8; 971; 0; 3; 846; 848; 1; 0
fdct.c; fdct;  0; ;  8; 971; 0; 3; 848; 850; 2; 0
fdct.c; fdct;  0; ;  8; 971; 0; 3; 850; 852; 2; 0
fdct.c; fdct;  120; ;  8; 971; 0; 3; 852; 854; 2; 0
fdct.c; fdct;  0; ;  8; 971; 0; 3; 854; 856; 2; 0
fdct.c; fdct;  0; ;  8; 971; 0; 3; 856; 858; 2; 0
fdct.c; fdct;  0; ;  8; 971; 0; 3; 858; 860; 2; 0
fdct.c; fdct;  0; ;  8; 971; 0; 3; 860; 862; 1; 0
fdct.c; fdct;  0; ;  8; 971; 0; 3; 862; 864; 1; 0
fdct.c; fdct;  0; ;  8; 971; 0; 3; 864; 866; 2; 0
fdct.c; fdct;  0; ;  8; 971; 0; 3; 866; 868; 2; 0
fdct.c; fdct;  121; ;  8; 971; 0; 3; 868; 870; 2; 0
fdct.c; fdct;  0; ;  8; 971; 0; 3; 870; 872; 2; 0
fdct.c; fdct;  0; ;  8; 971; 0; 3; 872; 874; 2; 0
fdct.c; fdct;  0; ;  8; 971; 0; 3; 874; 876; 2; 0
fdct.c; fdct;  0; ;  8; 971; 0; 3; 876; 878; 1; 0
fdct.c; fdct;  0; ;  8; 971; 0; 3; 878; 880; 1; 0
fdct.c; fdct;  0; ;  8; 971; 0; 3; 880; 882; 2; 0
fdct.c; fdct;  0; ;  8; 971; 0; 3; 882; 884; 2; 0
fdct.c; fdct;  122; ;  8; 971; 0; 3; 884; 886; 1; 0
fdct.c; fdct;  0; ;  8; 971; 0; 3; 886; 888; 1; 0
fdct.c; fdct;  0; ;  8; 971; 0; 3; 888; 890; 2; 0
fdct.c; fdct;  0; ;  8; 971; 0; 3; 890; 892; 2; 0
fdct.c; fdct;  123; ;  8; 971; 0; 3; 892; 894; 2; 0
fdct.c; fdct;  0; ;  8; 971; 0; 3; 894; 896; 2; 0
fdct.c; fdct;  0; ;  8; 971; 0; 3; 896; 898; 2; 0
fdct.c; fdct;  0; ;  8; 971; 0; 3; 898; 900; 2; 0
fdct.c; fdct;  0; ;  8; 971; 0; 3; 900; 902; 1; 0
fdct.c; fdct;  0; ;  8; 971; 0; 3; 902; 904; 1; 0
fdct.c; fdct;  0; ;  8; 971; 0; 3; 904; 906; 1; 0
fdct.c; fdct;  0; ;  8; 971; 0; 3; 906; 908; 2; 0
fdct.c; fdct;  0; ;  8; 971; 0; 3; 908; 910; 2; 0
fdct.c; fdct;  0; ;  8; 971; 0; 3; 910; 912; 2; 0
fdct.c; fdct;  0; ;  8; 971; 0; 3; 912; 914; 1; 0
fdct.c; fdct;  0; ;  8; 971; 0; 3; 914; 916; 2; 0
fdct.c; fdct;  0; ;  8; 971; 0; 3; 916; 918; 1; 0
fdct.c; fdct;  0; ;  8; 971; 0; 3; 918; 920; 2; 0
fdct.c; fdct;  0; ;  8; 971; 0; 3; 920; 922; 1; 0
fdct.c; fdct;  0; ;  8; 971; 0; 3; 922; 924; 1; 0
fdct.c; fdct;  0; ;  8; 971; 0; 3; 924; 926; 2; 0
fdct.c; fdct;  0; ;  8; 971; 0; 3; 926; 928; 2; 0
fdct.c; fdct;  125; ;  8; 971; 0; 3; 928; 930; 1; 0
fdct.c; fdct;  0; ;  8; 971; 0; 3; 930; 932; 1; 0
fdct.c; fdct;  0; ;  8; 971; 0; 3; 932; 934; 2; 0
fdct.c; fdct;  0; ;  8; 971; 0; 3; 934; 936; 2; 0
fdct.c; fdct;  126; ;  8; 971; 0; 3; 936; 938; 2; 0
fdct.c; fdct;  0; ;  8; 971; 0; 3; 938; 940; 2; 0
fdct.c; fdct;  0; ;  8; 971; 0; 3; 940; 942; 2; 0
fdct.c; fdct;  0; ;  8; 971; 0; 3; 942; 944; 2; 0
fdct.c; fdct;  0; ;  8; 971; 0; 3; 944; 946; 2; 0
fdct.c; fdct;  0; ;  8; 971; 0; 3; 946; 948; 1; 0
fdct.c; fdct;  0; ;  8; 971; 0; 3; 948; 950; 2; 0
fdct.c; fdct;  0; ;  8; 971; 0; 3; 950; 952; 1; 0
fdct.c; fdct;  0; ;  8; 971; 0; 3; 952; 954; 2; 0
fdct.c; fdct;  0; ;  8; 971; 0; 3; 954; 956; 1; 0
fdct.c; fdct;  0; ;  8; 971; 0; 3; 956; 958; 1; 0
fdct.c; fdct;  0; ;  8; 971; 0; 3; 958; 960; 2; 0
fdct.c; fdct;  0; ;  8; 971; 0; 3; 960; 962; 2; 0
fdct.c; fdct;  127; ;  8; 971; 0; 3; 962; 964; 1; 0
fdct.c; fdct;  0; ;  8; 971; 0; 3; 964; 966; 1; 0
fdct.c; fdct;  0; ;  8; 971; 0; 3; 966; 968; 2; 0
fdct.c; fdct;  0; ;  8; 971; 0; 3; 968; 970; 2; 0
fdct.c; fdct;  128; ;  8; 971; 0; 3; 970; 972; 2; 0
fdct.c; fdct;  0; ;  8; 971; 0; 3; 972; 974; 2; 0
fdct.c; fdct;  0; ;  8; 971; 0; 3; 974; 976; 2; 0
fdct.c; fdct;  0; ;  8; 971; 0; 3; 976; 978; 2; 0
fdct.c; fdct;  0; ;  8; 971; 0; 3; 978; 980; 2; 0
fdct.c; fdct;  0; ;  8; 971; 0; 3; 980; 982; 1; 0
fdct.c; fdct;  0; ;  8; 971; 0; 3; 982; 984; 2; 0
fdct.c; fdct;  0; ;  8; 971; 0; 3; 984; 986; 1; 0
fdct.c; fdct;  0; ;  8; 971; 0; 3; 986; 988; 2; 0
fdct.c; fdct;  0; ;  8; 971; 0; 3; 988; 990; 1; 0
fdct.c; fdct;  0; ;  8; 971; 0; 3; 990; 992; 1; 0
fdct.c; fdct;  0; ;  8; 971; 0; 3; 992; 994; 2; 0
fdct.c; fdct;  0; ;  8; 971; 0; 3; 994; 996; 2; 0
fdct.c; fdct;  129; ;  8; 971; 0; 3; 996; 998; 1; 0
fdct.c; fdct;  0; ;  8; 971; 0; 3; 998; 1000; 1; 0
fdct.c; fdct;  0; ;  8; 971; 0; 3; 1000; 1002; 2; 0
fdct.c; fdct;  0; ;  8; 971; 0; 3; 1002; 1004; 2; 0
fdct.c; fdct;  130; ;  8; 971; 0; 3; 1004; 1006; 2; 0
fdct.c; fdct;  0; ;  8; 971; 0; 3; 1006; 1008; 2; 0
fdct.c; fdct;  0; ;  8; 971; 0; 3; 1008; 1010; 2; 0
fdct.c; fdct;  0; ;  8; 971; 0; 3; 1010; 1012; 2; 0
fdct.c; fdct;  0; ;  8; 971; 0; 3; 1012; 1014; 2; 0
fdct.c; fdct;  0; ;  8; 971; 0; 3; 1014; 1016; 1; 0
fdct.c; fdct;  0; ;  8; 971; 0; 3; 1016; 1018; 2; 0
fdct.c; fdct;  0; ;  8; 971; 0; 3; 1018; 1020; 1; 0
fdct.c; fdct;  0; ;  8; 971; 0; 3; 1020; 1022; 2; 0
fdct.c; fdct;  0; ;  8; 971; 0; 3; 1022; 1024; 1; 0
fdct.c; fdct;  0; ;  8; 971; 0; 3; 1024; 1026; 1; 0
fdct.c; fdct;  0; ;  8; 971; 0; 3; 1026; 1028; 2; 0
fdct.c; fdct;  0; ;  8; 971; 0; 3; 1028; 1030; 2; 0
fdct.c; fdct;  131; ;  8; 971; 0; 3; 1030; 1032; 1; 0
fdct.c; fdct;  0; ;  8; 971; 0; 3; 1032; 1034; 1; 0
fdct.c; fdct;  0; ;  8; 971; 0; 3; 1034; 1036; 2; 0
fdct.c; fdct;  0; ;  8; 971; 0; 3; 1036; 1038; 2; 0
fdct.c; fdct;  132; ;  8; 971; 0; 3; 1038; 1040; 2; 0
fdct.c; fdct;  0; ;  8; 971; 0; 3; 1040; 1042; 2; 0
fdct.c; fdct;  0; ;  8; 971; 0; 3; 1042; 1044; 2; 0
fdct.c; fdct;  0; ;  8; 971; 0; 3; 1044; 1046; 2; 0
fdct.c; fdct;  0; ;  8; 971; 0; 3; 1046; 1048; 2; 0
fdct.c; fdct;  0; ;  8; 971; 0; 3; 1048; 1050; 1; 0
fdct.c; fdct;  0; ;  8; 971; 0; 3; 1050; 1052; 2; 0
fdct.c; fdct;  0; ;  8; 971; 0; 3; 1052; 1054; 1; 0
fdct.c; fdct;  0; ;  8; 971; 0; 3; 1054; 1056; 2; 0
fdct.c; fdct;  0; ;  8; 971; 0; 3; 1056; 1058; 1; 0
fdct.c; fdct;  0; ;  8; 971; 0; 3; 1058; 1060; 1; 0
fdct.c; fdct;  0; ;  8; 971; 0; 3; 1060; 1062; 2; 0
fdct.c; fdct;  0; ;  8; 971; 0; 3; 1062; 1064; 2; 0
fdct.c; fdct;  133; ;  8; 971; 0; 3; 1064; 1066; 1; 0
fdct.c; fdct;  0; ;  8; 971; 0; 3; 1066; 1068; 1; 0
fdct.c; fdct;  0; ;  8; 971; 0; 3; 1068; 1070; 2; 0
fdct.c; fdct;  0; ;  8; 971; 0; 3; 1070; 1072; 2; 0
fdct.c; fdct;  134; ;  8; 971; 0; 3; 1072; 1074; 2; 0
fdct.c; fdct;  0; ;  8; 971; 0; 3; 1074; 1076; 2; 0
fdct.c; fdct;  0; ;  8; 971; 0; 3; 1076; 1078; 2; 0
fdct.c; fdct;  0; ;  8; 971; 0; 3; 1078; 1080; 2; 0
fdct.c; fdct;  0; ;  8; 971; 0; 3; 1080; 1082; 2; 0
fdct.c; fdct;  0; ;  8; 971; 0; 3; 1082; 1084; 1; 0
fdct.c; fdct;  0; ;  8; 971; 0; 3; 1084; 1086; 2; 0
fdct.c; fdct;  0; ;  8; 971; 0; 3; 1086; 1088; 1; 0
fdct.c; fdct;  0; ;  8; 971; 0; 3; 1088; 1090; 2; 0
fdct.c; fdct;  0; ;  8; 971; 0; 3; 1090; 1092; 1; 0
fdct.c; fdct;  0; ;  8; 971; 0; 3; 1092; 1094; 1; 0
fdct.c; fdct;  0; ;  8; 971; 0; 3; 1094; 1096; 2; 0
fdct.c; fdct;  0; ;  8; 971; 0; 3; 1096; 1098; 2; 0
fdct.c; fdct;  135; ;  8; 971; 0; 3; 1098; 1100; 1; 0
fdct.c; fdct;  0; ;  8; 971; 0; 3; 1100; 1102; 1; 0
fdct.c; fdct;  0; ;  8; 971; 0; 3; 1102; 1104; 2; 0
fdct.c; fdct;  0; ;  8; 971; 0; 3; 1104; 1106; 2; 0
fdct.c; fdct;  136; ;  8; 971; 0; 3; 1106; 1108; 2; 0
fdct.c; fdct;  0; ;  8; 971; 0; 3; 1108; 1110; 2; 0
fdct.c; fdct;  0; ;  8; 971; 0; 3; 1110; 1112; 2; 0
fdct.c; fdct;  0; ;  8; 971; 0; 3; 1112; 1114; 2; 0
fdct.c; fdct;  0; ;  8; 971; 0; 3; 1114; 1116; 2; 0
fdct.c; fdct;  0; ;  8; 971; 0; 3; 1116; 1118; 1; 0
fdct.c; fdct;  0; ;  8; 971; 0; 3; 1118; 1120; 2; 0
fdct.c; fdct;  0; ;  8; 971; 0; 3; 1120; 1122; 1; 0
fdct.c; fdct;  0; ;  8; 971; 0; 3; 1122; 1124; 2; 0
fdct.c; fdct;  0; ;  8; 971; 0; 3; 1124; 1126; 1; 0
fdct.c; fdct;  0; ;  8; 971; 0; 3; 1126; 1128; 1; 0
fdct.c; fdct;  0; ;  8; 971; 0; 3; 1128; 1130; 2; 0
fdct.c; fdct;  0; ;  8; 971; 0; 3; 1130; 1132; 2; 0
fdct.c; fdct;  137; ;  8; 971; 0; 3; 1132; 1134; 1; 0
fdct.c; fdct;  0; ;  8; 971; 0; 3; 1134; 1136; 1; 0
fdct.c; fdct;  0; ;  8; 971; 0; 3; 1136; 1138; 2; 0
fdct.c; fdct;  0; ;  8; 971; 0; 3; 1138; 1140; 2; 0
fdct.c; fdct;  138; ;  8; 971; 0; 3; 1140; 1142; 2; 0
fdct.c; fdct;  0; ;  8; 971; 0; 3; 1142; 1144; 2; 0
fdct.c; fdct;  0; ;  8; 971; 0; 3; 1144; 1146; 2; 0
fdct.c; fdct;  0; ;  8; 971; 0; 3; 1146; 1148; 2; 0
fdct.c; fdct;  0; ;  8; 971; 0; 3; 1148; 1150; 2; 0
fdct.c; fdct;  0; ;  8; 971; 0; 3; 1150; 1152; 1; 0
fdct.c; fdct;  0; ;  8; 971; 0; 3; 1152; 1154; 2; 0
fdct.c; fdct;  0; ;  8; 971; 0; 3; 1154; 1156; 1; 0
fdct.c; fdct;  0; ;  8; 971; 0; 3; 1156; 1158; 2; 0
fdct.c; fdct;  0; ;  8; 971; 0; 3; 1158; 1160; 1; 0
fdct.c; fdct;  0; ;  8; 971; 0; 3; 1160; 1162; 1; 0
fdct.c; fdct;  0; ;  8; 971; 0; 3; 1162; 1164; 2; 0
fdct.c; fdct;  0; ;  8; 971; 0; 3; 1164; 1166; 2; 0
fdct.c; fdct;  139; ;  8; 971; 0; 3; 1166; 1168; 1; 0
fdct.c; fdct;  0; ;  8; 971; 0; 3; 1168; 1170; 1; 0
fdct.c; fdct;  0; ;  8; 971; 0; 3; 1170; 1172; 2; 0
fdct.c; fdct;  0; ;  8; 971; 0; 3; 1172; 1174; 2; 0
fdct.c; fdct;  140; ;  8; 971; 0; 3; 1174; 1176; 2; 0
fdct.c; fdct;  0; ;  8; 971; 0; 3; 1176; 1178; 2; 0
fdct.c; fdct;  0; ;  8; 971; 0; 3; 1178; 1180; 2; 0
fdct.c; fdct;  0; ;  8; 971; 0; 3; 1180; 1182; 2; 0
fdct.c; fdct;  0; ;  8; 971; 0; 3; 1182; 1184; 2; 0
fdct.c; fdct;  0; ;  8; 971; 0; 3; 1184; 1186; 1; 0
fdct.c; fdct;  0; ;  8; 971; 0; 3; 1186; 1188; 2; 0
fdct.c; fdct;  0; ;  8; 971; 0; 3; 1188; 1190; 1; 0
fdct.c; fdct;  0; ;  8; 971; 0; 3; 1190; 1192; 2; 0
fdct.c; fdct;  0; ;  8; 971; 0; 3; 1192; 1194; 1; 0
fdct.c; fdct;  0; ;  8; 971; 0; 3; 1194; 1196; 1; 0
fdct.c; fdct;  0; ;  8; 971; 0; 3; 1196; 1198; 2; 0
fdct.c; fdct;  0; ;  8; 971; 0; 3; 1198; 1200; 2; 0
fdct.c; fdct;  142; ;  8; 971; 0; 3; 1200; 1202; 2; 0
fdct.c; fdct;  0; ;  8; 971; 0; 3; 1202; 1204; 2; 0
fdct.c; fdct;  0; ;  8; 971; 0; 3; 1204; 1206; 2; 0
fdct.c; fdct;  0; ;  8; 971; 0; 3; 1206; 1208; 2; 0
fdct.c; fdct;  0; ;  8; 971; 0; 3; 1208; 1210; 1; 0
fdct.c; fdct;  0; ;  8; 971; 0; 3; 1210; 1212; 1; 0
fdct.c; fdct;  0; ;  8; 971; 0; 3; 1212; 1214; 2; 0
fdct.c; fdct;  0; ;  8; 971; 0; 3; 1214; 1216; 2; 0
fdct.c; fdct;  143; ;  8; 971; 0; 3; 1216; 1218; 2; 0
fdct.c; fdct;  0; ;  8; 971; 0; 3; 1218; 1220; 2; 0
fdct.c; fdct;  0; ;  8; 971; 0; 3; 1220; 1222; 2; 0
fdct.c; fdct;  0; ;  8; 971; 0; 3; 1222; 1224; 2; 0
fdct.c; fdct;  0; ;  8; 971; 0; 3; 1224; 1226; 1; 0
fdct.c; fdct;  0; ;  8; 971; 0; 3; 1226; 1228; 1; 0
fdct.c; fdct;  0; ;  8; 971; 0; 3; 1228; 1230; 2; 0
fdct.c; fdct;  0; ;  8; 971; 0; 3; 1230; 1232; 2; 0
fdct.c; fdct;  145; ;  8; 971; 0; 3; 1232; 1234; 2; 0
fdct.c; fdct;  0; ;  8; 971; 0; 3; 1234; 1236; 2; 0
fdct.c; fdct;  0; ;  8; 971; 0; 3; 1236; 1238; 2; 0
fdct.c; fdct;  0; ;  8; 971; 0; 3; 1238; 1240; 2; 0
fdct.c; fdct;  0; ;  8; 971; 0; 3; 1240; 1242; 2; 0
fdct.c; fdct;  0; ;  8; 971; 0; 3; 1242; 1244; 2; 0
fdct.c; fdct;  0; ;  8; 971; 0; 3; 1244; 1246; 2; 0
fdct.c; fdct;  0; ;  8; 971; 0; 3; 1246; 1248; 1; 0
fdct.c; fdct;  0; ;  8; 971; 0; 3; 1248; 1250; 1; 0
fdct.c; fdct;  0; ;  8; 971; 0; 3; 1250; 1252; 2; 0
fdct.c; fdct;  0; ;  8; 971; 0; 3; 1252; 1254; 2; 0
fdct.c; fdct;  0; ;  8; 971; 0; 3; 1254; 1256; 1; 0
fdct.c; fdct;  0; ;  8; 971; 0; 3; 1256; 1258; 1; 0
fdct.c; fdct;  0; ;  8; 971; 0; 3; 1258; 1260; 1; 0
fdct.c; fdct;  0; ;  8; 971; 0; 3; 1260; 1262; 2; 0
fdct.c; fdct;  0; ;  8; 971; 0; 3; 1262; 1264; 1; 0
fdct.c; fdct;  0; ;  8; 971; 0; 3; 1264; 1266; 1; 0
fdct.c; fdct;  0; ;  8; 971; 0; 3; 1266; 1268; 1; 0
fdct.c; fdct;  0; ;  8; 971; 0; 3; 1268; 1270; 1; 0
fdct.c; fdct;  0; ;  8; 971; 0; 3; 1270; 1272; 2; 0
fdct.c; fdct;  0; ;  8; 971; 0; 3; 1272; 1274; 2; 0
fdct.c; fdct;  146; ;  8; 971; 0; 3; 1274; 1276; 2; 0
fdct.c; fdct;  0; ;  8; 971; 0; 3; 1276; 1278; 2; 0
fdct.c; fdct;  0; ;  8; 971; 0; 3; 1278; 1280; 2; 0
fdct.c; fdct;  0; ;  8; 971; 0; 3; 1280; 1282; 2; 0
fdct.c; fdct;  0; ;  8; 971; 0; 3; 1282; 1284; 2; 0
fdct.c; fdct;  0; ;  8; 971; 0; 3; 1284; 1286; 2; 0
fdct.c; fdct;  0; ;  8; 971; 0; 3; 1286; 1288; 2; 0
fdct.c; fdct;  0; ;  8; 971; 0; 3; 1288; 1290; 1; 0
fdct.c; fdct;  0; ;  8; 971; 0; 3; 1290; 1292; 1; 0
fdct.c; fdct;  0; ;  8; 971; 0; 3; 1292; 1294; 2; 0
fdct.c; fdct;  0; ;  8; 971; 0; 3; 1294; 1296; 2; 0
fdct.c; fdct;  0; ;  8; 971; 0; 3; 1296; 1298; 1; 0
fdct.c; fdct;  0; ;  8; 971; 0; 3; 1298; 1300; 1; 0
fdct.c; fdct;  0; ;  8; 971; 0; 3; 1300; 1302; 1; 0
fdct.c; fdct;  0; ;  8; 971; 0; 3; 1302; 1304; 2; 0
fdct.c; fdct;  0; ;  8; 971; 0; 3; 1304; 1306; 1; 0
fdct.c; fdct;  0; ;  8; 971; 0; 3; 1306; 1308; 1; 0
fdct.c; fdct;  0; ;  8; 971; 0; 3; 1308; 1310; 1; 0
fdct.c; fdct;  0; ;  8; 971; 0; 3; 1310; 1312; 1; 0
fdct.c; fdct;  0; ;  8; 971; 0; 3; 1312; 1314; 2; 0
fdct.c; fdct;  0; ;  8; 971; 0; 3; 1314; 1316; 2; 0
fdct.c; fdct;  147; ;  8; 971; 0; 3; 1316; 1318; 2; 0
fdct.c; fdct;  0; ;  8; 971; 0; 3; 1318; 1320; 2; 0
fdct.c; fdct;  0; ;  8; 971; 0; 3; 1320; 1322; 2; 0
fdct.c; fdct;  0; ;  8; 971; 0; 3; 1322; 1324; 2; 0
fdct.c; fdct;  0; ;  8; 971; 0; 3; 1324; 1326; 2; 0
fdct.c; fdct;  0; ;  8; 971; 0; 3; 1326; 1328; 2; 0
fdct.c; fdct;  0; ;  8; 971; 0; 3; 1328; 1330; 2; 0
fdct.c; fdct;  0; ;  8; 971; 0; 3; 1330; 1332; 1; 0
fdct.c; fdct;  0; ;  8; 971; 0; 3; 1332; 1334; 1; 0
fdct.c; fdct;  0; ;  8; 971; 0; 3; 1334; 1336; 2; 0
fdct.c; fdct;  0; ;  8; 971; 0; 3; 1336; 1338; 2; 0
fdct.c; fdct;  0; ;  8; 971; 0; 3; 1338; 1340; 1; 0
fdct.c; fdct;  0; ;  8; 971; 0; 3; 1340; 1342; 1; 0
fdct.c; fdct;  0; ;  8; 971; 0; 3; 1342; 1344; 1; 0
fdct.c; fdct;  0; ;  8; 971; 0; 3; 1344; 1346; 2; 0
fdct.c; fdct;  0; ;  8; 971; 0; 3; 1346; 1348; 1; 0
fdct.c; fdct;  0; ;  8; 971; 0; 3; 1348; 1350; 1; 0
fdct.c; fdct;  0; ;  8; 971; 0; 3; 1350; 1352; 1; 0
fdct.c; fdct;  0; ;  8; 971; 0; 3; 1352; 1354; 1; 0
fdct.c; fdct;  0; ;  8; 971; 0; 3; 1354; 1356; 2; 0
fdct.c; fdct;  0; ;  8; 971; 0; 3; 1356; 1358; 2; 0
fdct.c; fdct;  148; ;  8; 971; 0; 3; 1358; 1360; 2; 0
fdct.c; fdct;  0; ;  8; 971; 0; 3; 1360; 1362; 2; 0
fdct.c; fdct;  0; ;  8; 971; 0; 3; 1362; 1364; 2; 0
fdct.c; fdct;  0; ;  8; 971; 0; 3; 1364; 1366; 2; 0
fdct.c; fdct;  0; ;  8; 971; 0; 3; 1366; 1368; 2; 0
fdct.c; fdct;  0; ;  8; 971; 0; 3; 1368; 1370; 2; 0
fdct.c; fdct;  0; ;  8; 971; 0; 3; 1370; 1372; 2; 0
fdct.c; fdct;  0; ;  8; 971; 0; 3; 1372; 1374; 1; 0
fdct.c; fdct;  0; ;  8; 971; 0; 3; 1374; 1376; 1; 0
fdct.c; fdct;  0; ;  8; 971; 0; 3; 1376; 1378; 2; 0
fdct.c; fdct;  0; ;  8; 971; 0; 3; 1378; 1380; 2; 0
fdct.c; fdct;  0; ;  8; 971; 0; 3; 1380; 1382; 1; 0
fdct.c; fdct;  0; ;  8; 971; 0; 3; 1382; 1384; 1; 0
fdct.c; fdct;  0; ;  8; 971; 0; 3; 1384; 1386; 1; 0
fdct.c; fdct;  0; ;  8; 971; 0; 3; 1386; 1388; 2; 0
fdct.c; fdct;  0; ;  8; 971; 0; 3; 1388; 1390; 1; 0
fdct.c; fdct;  0; ;  8; 971; 0; 3; 1390; 1392; 1; 0
fdct.c; fdct;  0; ;  8; 971; 0; 3; 1392; 1394; 1; 0
fdct.c; fdct;  0; ;  8; 971; 0; 3; 1394; 1396; 1; 0
fdct.c; fdct;  0; ;  8; 971; 0; 3; 1396; 1398; 2; 0
fdct.c; fdct;  0; ;  8; 971; 0; 3; 1398; 1400; 2; 0
fdct.c; fdct;  153; ;  8; 971; 0; 3; 1400; 1402; 2; 0
fdct.c; fdct;  0; ;  8; 971; 0; 3; 1402; 1404; 2; 0
fdct.c; fdct;  0; ;  8; 971; 0; 3; 1404; 1406; 1; 0
fdct.c; fdct;  0; ;  8; 971; 0; 3; 1406; 1408; 1; 0
fdct.c; fdct;  0; ;  8; 971; 0; 3; 1408; 1410; 2; 0
fdct.c; fdct;  0; ;  8; 971; 0; 3; 1410; 1412; 2; 0
fdct.c; fdct;  0; ;  8; 971; 0; 3; 1412; 1414; 1; 0
fdct.c; fdct;  0; ;  8; 971; 0; 3; 1414; 1416; 1; 0
fdct.c; fdct;  0; ;  8; 971; 0; 3; 1416; 1418; 2; 0
fdct.c; fdct;  0; ;  8; 971; 0; 3; 1418; 1420; 2; 0
fdct.c; fdct;  83; ;  8; 971; 0; 3; 1420; 1422; 2; 0
fdct.c; fdct;  0; ;  8; 971; 0; 3; 1422; 1424; 2; 0
fdct.c; fdct;  0; ;  8; 971; 0; 3; 1424; 1426; 2; 0
fdct.c; fdct;  0; ;  8; 971; 0; 3; 1426; 1428; 2; 0
fdct.c; fdct;  0; ;  8; 971; 0; 3; 1428; 1430; 2; 0
fdct.c; fdct;  159; ;  1; 14; 0; 4; 1442; 1444; 2; 0
fdct.c; fdct;  0; ;  1; 14; 0; 4; 1444; 1446; 2; 0
fdct.c; fdct;  0; ;  1; 14; 0; 4; 1446; 1448; 2; 0
fdct.c; fdct;  0; ;  1; 14; 0; 4; 1448; 1450; 2; 0
fdct.c; fdct;  161; ;  1; 14; 0; 4; 1450; 1452; 2; 0
fdct.c; fdct;  0; ;  1; 14; 0; 4; 1452; 1454; 2; 0
fdct.c; fdct;  0; ;  1; 14; 0; 4; 1454; 3054; 1; 1
fdct.c; fdct;  161; ;  9; 7- 8; 0; 5; 3054; 3056; 2; 0
fdct.c; fdct;  0; ;  9; 7- 8; 0; 5; 3056; 3058; 2; 0
fdct.c; fdct;  0; ;  9; 7- 8; 0; 5; 3058; 3060; 1; 0
fdct.c; fdct;  0; ;  9; 7- 8; 0; 5; 3060; 3062; 1; 0
fdct.c; fdct;  0; ;  9; 7- 8; 0; 5; 3062; 3064, 3066; 1; 0- 1
; fdct;  0; ;  8; 1193; 0; 6; 3064; 1456; 1; 1
fdct.c; fdct;  163; ;  8; 1193; 0; 6; 1456; 1458; 2; 0
fdct.c; fdct;  0; ;  8; 1193; 0; 6; 1458; 1460; 2; 0
fdct.c; fdct;  0; ;  8; 1193; 0; 6; 1460; 1462; 1; 0
fdct.c; fdct;  0; ;  8; 1193; 0; 6; 1462; 1464; 2; 0
fdct.c; fdct;  0; ;  8; 1193; 0; 6; 1464; 1466; 2; 0
fdct.c; fdct;  0; ;  8; 1193; 0; 6; 1466; 1468; 2; 0
fdct.c; fdct;  0; ;  8; 1193; 0; 6; 1468; 1470; 2; 0
fdct.c; fdct;  0; ;  8; 1193; 0; 6; 1470; 1472; 1; 0
fdct.c; fdct;  0; ;  8; 1193; 0; 6; 1472; 1474; 1; 0
fdct.c; fdct;  0; ;  8; 1193; 0; 6; 1474; 1476; 1; 0
fdct.c; fdct;  0; ;  8; 1193; 0; 6; 1476; 1478; 1; 0
fdct.c; fdct;  0; ;  8; 1193; 0; 6; 1478; 1480; 1; 0
fdct.c; fdct;  0; ;  8; 1193; 0; 6; 1480; 1482; 1; 0
fdct.c; fdct;  0; ;  8; 1193; 0; 6; 1482; 1484; 1; 0
fdct.c; fdct;  0; ;  8; 1193; 0; 6; 1484; 1486; 1; 0
fdct.c; fdct;  0; ;  8; 1193; 0; 6; 1486; 1488; 1; 0
fdct.c; fdct;  0; ;  8; 1193; 0; 6; 1488; 1490; 1; 0
fdct.c; fdct;  0; ;  8; 1193; 0; 6; 1490; 1492; 1; 0
fdct.c; fdct;  0; ;  8; 1193; 0; 6; 1492; 1494; 1; 0
fdct.c; fdct;  0; ;  8; 1193; 0; 6; 1494; 1496; 1; 0
fdct.c; fdct;  0; ;  8; 1193; 0; 6; 1496; 1498; 2; 0
fdct.c; fdct;  0; ;  8; 1193; 0; 6; 1498; 1500; 2; 0
fdct.c; fdct;  0; ;  8; 1193; 0; 6; 1500; 1502; 1; 0
fdct.c; fdct;  0; ;  8; 1193; 0; 6; 1502; 1504; 1; 0
fdct.c; fdct;  0; ;  8; 1193; 0; 6; 1504; 1506; 1; 0
fdct.c; fdct;  0; ;  8; 1193; 0; 6; 1506; 1508; 2; 0
fdct.c; fdct;  0; ;  8; 1193; 0; 6; 1508; 1510; 2; 0
fdct.c; fdct;  0; ;  8; 1193; 0; 6; 1510; 1512; 1; 0
fdct.c; fdct;  0; ;  8; 1193; 0; 6; 1512; 1514; 1; 0
fdct.c; fdct;  0; ;  8; 1193; 0; 6; 1514; 1516; 2; 0
fdct.c; fdct;  0; ;  8; 1193; 0; 6; 1516; 1518; 2; 0
fdct.c; fdct;  164; ;  8; 1193; 0; 6; 1518; 1520; 2; 0
fdct.c; fdct;  0; ;  8; 1193; 0; 6; 1520; 1522; 2; 0
fdct.c; fdct;  0; ;  8; 1193; 0; 6; 1522; 1524; 1; 0
fdct.c; fdct;  0; ;  8; 1193; 0; 6; 1524; 1526; 2; 0
fdct.c; fdct;  0; ;  8; 1193; 0; 6; 1526; 1528; 2; 0
fdct.c; fdct;  0; ;  8; 1193; 0; 6; 1528; 1530; 2; 0
fdct.c; fdct;  0; ;  8; 1193; 0; 6; 1530; 1532; 2; 0
fdct.c; fdct;  0; ;  8; 1193; 0; 6; 1532; 1534; 1; 0
fdct.c; fdct;  0; ;  8; 1193; 0; 6; 1534; 1536; 1; 0
fdct.c; fdct;  0; ;  8; 1193; 0; 6; 1536; 1538; 1; 0
fdct.c; fdct;  0; ;  8; 1193; 0; 6; 1538; 1540; 1; 0
fdct.c; fdct;  0; ;  8; 1193; 0; 6; 1540; 1542; 1; 0
fdct.c; fdct;  0; ;  8; 1193; 0; 6; 1542; 1544; 1; 0
fdct.c; fdct;  0; ;  8; 1193; 0; 6; 1544; 1546; 1; 0
fdct.c; fdct;  0; ;  8; 1193; 0; 6; 1546; 1548; 1; 0
fdct.c; fdct;  0; ;  8; 1193; 0; 6; 1548; 1550; 1; 0
fdct.c; fdct;  0; ;  8; 1193; 0; 6; 1550; 1552; 1; 0
fdct.c; fdct;  0; ;  8; 1193; 0; 6; 1552; 1554; 1; 0
fdct.c; fdct;  0; ;  8; 1193; 0; 6; 1554; 1556; 1; 0
fdct.c; fdct;  0; ;  8; 1193; 0; 6; 1556; 1558; 1; 0
fdct.c; fdct;  0; ;  8; 1193; 0; 6; 1558; 1560; 2; 0
fdct.c; fdct;  0; ;  8; 1193; 0; 6; 1560; 1562; 2; 0
fdct.c; fdct;  0; ;  8; 1193; 0; 6; 1562; 1564; 1; 0
fdct.c; fdct;  0; ;  8; 1193; 0; 6; 1564; 1566; 1; 0
fdct.c; fdct;  0; ;  8; 1193; 0; 6; 1566; 1568; 1; 0
fdct.c; fdct;  0; ;  8; 1193; 0; 6; 1568; 1570; 2; 0
fdct.c; fdct;  0; ;  8; 1193; 0; 6; 1570; 1572; 2; 0
fdct.c; fdct;  0; ;  8; 1193; 0; 6; 1572; 1574; 1; 0
fdct.c; fdct;  0; ;  8; 1193; 0; 6; 1574; 1576; 1; 0
fdct.c; fdct;  0; ;  8; 1193; 0; 6; 1576; 1578; 1; 0
fdct.c; fdct;  0; ;  8; 1193; 0; 6; 1578; 1580; 1; 0
fdct.c; fdct;  0; ;  8; 1193; 0; 6; 1580; 1582; 2; 0
fdct.c; fdct;  0; ;  8; 1193; 0; 6; 1582; 1584; 2; 0
fdct.c; fdct;  165; ;  8; 1193; 0; 6; 1584; 1586; 2; 0
fdct.c; fdct;  0; ;  8; 1193; 0; 6; 1586; 1588; 2; 0
fdct.c; fdct;  0; ;  8; 1193; 0; 6; 1588; 1590; 1; 0
fdct.c; fdct;  0; ;  8; 1193; 0; 6; 1590; 1592; 1; 0
fdct.c; fdct;  0; ;  8; 1193; 0; 6; 1592; 1594; 2; 0
fdct.c; fdct;  0; ;  8; 1193; 0; 6; 1594; 1596; 2; 0
fdct.c; fdct;  0; ;  8; 1193; 0; 6; 1596; 1598; 1; 0
fdct.c; fdct;  0; ;  8; 1193; 0; 6; 1598; 1600; 1; 0
fdct.c; fdct;  0; ;  8; 1193; 0; 6; 1600; 1602; 1; 0
fdct.c; fdct;  0; ;  8; 1193; 0; 6; 1602; 1604; 2; 0
fdct.c; fdct;  0; ;  8; 1193; 0; 6; 1604; 1606; 2; 0
fdct.c; fdct;  0; ;  8; 1193; 0; 6; 1606; 1608; 2; 0
fdct.c; fdct;  0; ;  8; 1193; 0; 6; 1608; 1610; 2; 0
fdct.c; fdct;  0; ;  8; 1193; 0; 6; 1610; 1612; 1; 0
fdct.c; fdct;  0; ;  8; 1193; 0; 6; 1612; 1614; 1; 0
fdct.c; fdct;  0; ;  8; 1193; 0; 6; 1614; 1616; 1; 0
fdct.c; fdct;  0; ;  8; 1193; 0; 6; 1616; 1618; 1; 0
fdct.c; fdct;  0; ;  8; 1193; 0; 6; 1618; 1620; 1; 0
fdct.c; fdct;  0; ;  8; 1193; 0; 6; 1620; 1622; 1; 0
fdct.c; fdct;  0; ;  8; 1193; 0; 6; 1622; 1624; 1; 0
fdct.c; fdct;  0; ;  8; 1193; 0; 6; 1624; 1626; 1; 0
fdct.c; fdct;  0; ;  8; 1193; 0; 6; 1626; 1628; 1; 0
fdct.c; fdct;  0; ;  8; 1193; 0; 6; 1628; 1630; 2; 0
fdct.c; fdct;  0; ;  8; 1193; 0; 6; 1630; 1632; 2; 0
fdct.c; fdct;  0; ;  8; 1193; 0; 6; 1632; 1634; 1; 0
fdct.c; fdct;  0; ;  8; 1193; 0; 6; 1634; 1636; 1; 0
fdct.c; fdct;  0; ;  8; 1193; 0; 6; 1636; 1638; 1; 0
fdct.c; fdct;  0; ;  8; 1193; 0; 6; 1638; 1640; 2; 0
fdct.c; fdct;  0; ;  8; 1193; 0; 6; 1640; 1642; 2; 0
fdct.c; fdct;  0; ;  8; 1193; 0; 6; 1642; 1644; 1; 0
fdct.c; fdct;  0; ;  8; 1193; 0; 6; 1644; 1646; 1; 0
fdct.c; fdct;  0; ;  8; 1193; 0; 6; 1646; 1648; 2; 0
fdct.c; fdct;  0; ;  8; 1193; 0; 6; 1648; 1650; 2; 0
fdct.c; fdct;  166; ;  8; 1193; 0; 6; 1650; 1652; 2; 0
fdct.c; fdct;  0; ;  8; 1193; 0; 6; 1652; 1654; 2; 0
fdct.c; fdct;  0; ;  8; 1193; 0; 6; 1654; 1656; 1; 0
fdct.c; fdct;  0; ;  8; 1193; 0; 6; 1656; 1658; 1; 0
fdct.c; fdct;  0; ;  8; 1193; 0; 6; 1658; 1660; 2; 0
fdct.c; fdct;  0; ;  8; 1193; 0; 6; 1660; 1662; 2; 0
fdct.c; fdct;  0; ;  8; 1193; 0; 6; 1662; 1664; 1; 0
fdct.c; fdct;  0; ;  8; 1193; 0; 6; 1664; 1666; 1; 0
fdct.c; fdct;  0; ;  8; 1193; 0; 6; 1666; 1668; 1; 0
fdct.c; fdct;  0; ;  8; 1193; 0; 6; 1668; 1670; 2; 0
fdct.c; fdct;  0; ;  8; 1193; 0; 6; 1670; 1672; 2; 0
fdct.c; fdct;  0; ;  8; 1193; 0; 6; 1672; 1674; 2; 0
fdct.c; fdct;  0; ;  8; 1193; 0; 6; 1674; 1676; 2; 0
fdct.c; fdct;  0; ;  8; 1193; 0; 6; 1676; 1678; 1; 0
fdct.c; fdct;  0; ;  8; 1193; 0; 6; 1678; 1680; 1; 0
fdct.c; fdct;  0; ;  8; 1193; 0; 6; 1680; 1682; 1; 0
fdct.c; fdct;  0; ;  8; 1193; 0; 6; 1682; 1684; 1; 0
fdct.c; fdct;  0; ;  8; 1193; 0; 6; 1684; 1686; 1; 0
fdct.c; fdct;  0; ;  8; 1193; 0; 6; 1686; 1688; 1; 0
fdct.c; fdct;  0; ;  8; 1193; 0; 6; 1688; 1690; 1; 0
fdct.c; fdct;  0; ;  8; 1193; 0; 6; 1690; 1692; 1; 0
fdct.c; fdct;  0; ;  8; 1193; 0; 6; 1692; 1694; 1; 0
fdct.c; fdct;  0; ;  8; 1193; 0; 6; 1694; 1696; 2; 0
fdct.c; fdct;  0; ;  8; 1193; 0; 6; 1696; 1698; 2; 0
fdct.c; fdct;  0; ;  8; 1193; 0; 6; 1698; 1700; 1; 0
fdct.c; fdct;  0; ;  8; 1193; 0; 6; 1700; 1702; 1; 0
fdct.c; fdct;  0; ;  8; 1193; 0; 6; 1702; 1704; 1; 0
fdct.c; fdct;  0; ;  8; 1193; 0; 6; 1704; 1706; 2; 0
fdct.c; fdct;  0; ;  8; 1193; 0; 6; 1706; 1708; 2; 0
fdct.c; fdct;  0; ;  8; 1193; 0; 6; 1708; 1710; 1; 0
fdct.c; fdct;  0; ;  8; 1193; 0; 6; 1710; 1712; 1; 0
fdct.c; fdct;  0; ;  8; 1193; 0; 6; 1712; 1714; 1; 0
fdct.c; fdct;  0; ;  8; 1193; 0; 6; 1714; 1716; 1; 0
fdct.c; fdct;  0; ;  8; 1193; 0; 6; 1716; 1718; 2; 0
fdct.c; fdct;  0; ;  8; 1193; 0; 6; 1718; 1720; 2; 0
fdct.c; fdct;  167; ;  8; 1193; 0; 6; 1720; 1722; 2; 0
fdct.c; fdct;  0; ;  8; 1193; 0; 6; 1722; 1724; 2; 0
fdct.c; fdct;  0; ;  8; 1193; 0; 6; 1724; 1726; 1; 0
fdct.c; fdct;  0; ;  8; 1193; 0; 6; 1726; 1728; 1; 0
fdct.c; fdct;  0; ;  8; 1193; 0; 6; 1728; 1730; 1; 0
fdct.c; fdct;  0; ;  8; 1193; 0; 6; 1730; 1732; 1; 0
fdct.c; fdct;  0; ;  8; 1193; 0; 6; 1732; 1734; 2; 0
fdct.c; fdct;  0; ;  8; 1193; 0; 6; 1734; 1736; 2; 0
fdct.c; fdct;  0; ;  8; 1193; 0; 6; 1736; 1738; 1; 0
fdct.c; fdct;  0; ;  8; 1193; 0; 6; 1738; 1740; 1; 0
fdct.c; fdct;  0; ;  8; 1193; 0; 6; 1740; 1742; 1; 0
fdct.c; fdct;  0; ;  8; 1193; 0; 6; 1742; 1744; 2; 0
fdct.c; fdct;  0; ;  8; 1193; 0; 6; 1744; 1746; 2; 0
fdct.c; fdct;  0; ;  8; 1193; 0; 6; 1746; 1748; 2; 0
fdct.c; fdct;  0; ;  8; 1193; 0; 6; 1748; 1750; 2; 0
fdct.c; fdct;  0; ;  8; 1193; 0; 6; 1750; 1752; 1; 0
fdct.c; fdct;  0; ;  8; 1193; 0; 6; 1752; 1754; 1; 0
fdct.c; fdct;  0; ;  8; 1193; 0; 6; 1754; 1756; 1; 0
fdct.c; fdct;  0; ;  8; 1193; 0; 6; 1756; 1758; 1; 0
fdct.c; fdct;  0; ;  8; 1193; 0; 6; 1758; 1760; 1; 0
fdct.c; fdct;  0; ;  8; 1193; 0; 6; 1760; 1762; 1; 0
fdct.c; fdct;  0; ;  8; 1193; 0; 6; 1762; 1764; 1; 0
fdct.c; fdct;  0; ;  8; 1193; 0; 6; 1764; 1766; 1; 0
fdct.c; fdct;  0; ;  8; 1193; 0; 6; 1766; 1768; 1; 0
fdct.c; fdct;  0; ;  8; 1193; 0; 6; 1768; 1770; 2; 0
fdct.c; fdct;  0; ;  8; 1193; 0; 6; 1770; 1772; 2; 0
fdct.c; fdct;  0; ;  8; 1193; 0; 6; 1772; 1774; 1; 0
fdct.c; fdct;  0; ;  8; 1193; 0; 6; 1774; 1776; 1; 0
fdct.c; fdct;  0; ;  8; 1193; 0; 6; 1776; 1778; 1; 0
fdct.c; fdct;  0; ;  8; 1193; 0; 6; 1778; 1780; 2; 0
fdct.c; fdct;  0; ;  8; 1193; 0; 6; 1780; 1782; 2; 0
fdct.c; fdct;  0; ;  8; 1193; 0; 6; 1782; 1784; 1; 0
fdct.c; fdct;  0; ;  8; 1193; 0; 6; 1784; 1786; 1; 0
fdct.c; fdct;  0; ;  8; 1193; 0; 6; 1786; 1788; 2; 0
fdct.c; fdct;  0; ;  8; 1193; 0; 6; 1788; 1790; 2; 0
fdct.c; fdct;  168; ;  8; 1193; 0; 6; 1790; 1792; 2; 0
fdct.c; fdct;  0; ;  8; 1193; 0; 6; 1792; 1794; 2; 0
fdct.c; fdct;  0; ;  8; 1193; 0; 6; 1794; 1796; 1; 0
fdct.c; fdct;  0; ;  8; 1193; 0; 6; 1796; 1798; 1; 0
fdct.c; fdct;  0; ;  8; 1193; 0; 6; 1798; 1800; 1; 0
fdct.c; fdct;  0; ;  8; 1193; 0; 6; 1800; 1802; 1; 0
fdct.c; fdct;  0; ;  8; 1193; 0; 6; 1802; 1804; 2; 0
fdct.c; fdct;  0; ;  8; 1193; 0; 6; 1804; 1806; 2; 0
fdct.c; fdct;  0; ;  8; 1193; 0; 6; 1806; 1808; 1; 0
fdct.c; fdct;  0; ;  8; 1193; 0; 6; 1808; 1810; 1; 0
fdct.c; fdct;  0; ;  8; 1193; 0; 6; 1810; 1812; 1; 0
fdct.c; fdct;  0; ;  8; 1193; 0; 6; 1812; 1814; 2; 0
fdct.c; fdct;  0; ;  8; 1193; 0; 6; 1814; 1816; 2; 0
fdct.c; fdct;  0; ;  8; 1193; 0; 6; 1816; 1818; 2; 0
fdct.c; fdct;  0; ;  8; 1193; 0; 6; 1818; 1820; 2; 0
fdct.c; fdct;  0; ;  8; 1193; 0; 6; 1820; 1822; 1; 0
fdct.c; fdct;  0; ;  8; 1193; 0; 6; 1822; 1824; 1; 0
fdct.c; fdct;  0; ;  8; 1193; 0; 6; 1824; 1826; 1; 0
fdct.c; fdct;  0; ;  8; 1193; 0; 6; 1826; 1828; 1; 0
fdct.c; fdct;  0; ;  8; 1193; 0; 6; 1828; 1830; 1; 0
fdct.c; fdct;  0; ;  8; 1193; 0; 6; 1830; 1832; 1; 0
fdct.c; fdct;  0; ;  8; 1193; 0; 6; 1832; 1834; 1; 0
fdct.c; fdct;  0; ;  8; 1193; 0; 6; 1834; 1836; 1; 0
fdct.c; fdct;  0; ;  8; 1193; 0; 6; 1836; 1838; 1; 0
fdct.c; fdct;  0; ;  8; 1193; 0; 6; 1838; 1840; 2; 0
fdct.c; fdct;  0; ;  8; 1193; 0; 6; 1840; 1842; 2; 0
fdct.c; fdct;  0; ;  8; 1193; 0; 6; 1842; 1844; 1; 0
fdct.c; fdct;  0; ;  8; 1193; 0; 6; 1844; 1846; 1; 0
fdct.c; fdct;  0; ;  8; 1193; 0; 6; 1846; 1848; 1; 0
fdct.c; fdct;  0; ;  8; 1193; 0; 6; 1848; 1850; 2; 0
fdct.c; fdct;  0; ;  8; 1193; 0; 6; 1850; 1852; 2; 0
fdct.c; fdct;  0; ;  8; 1193; 0; 6; 1852; 1854; 1; 0
fdct.c; fdct;  0; ;  8; 1193; 0; 6; 1854; 1856; 1; 0
fdct.c; fdct;  0; ;  8; 1193; 0; 6; 1856; 1858; 1; 0
fdct.c; fdct;  0; ;  8; 1193; 0; 6; 1858; 1860; 1; 0
fdct.c; fdct;  0; ;  8; 1193; 0; 6; 1860; 1862; 2; 0
fdct.c; fdct;  0; ;  8; 1193; 0; 6; 1862; 1864; 2; 0
fdct.c; fdct;  169; ;  8; 1193; 0; 6; 1864; 1866; 2; 0
fdct.c; fdct;  0; ;  8; 1193; 0; 6; 1866; 1868; 2; 0
fdct.c; fdct;  0; ;  8; 1193; 0; 6; 1868; 1870; 1; 0
fdct.c; fdct;  0; ;  8; 1193; 0; 6; 1870; 1872; 1; 0
fdct.c; fdct;  0; ;  8; 1193; 0; 6; 1872; 1874; 1; 0
fdct.c; fdct;  0; ;  8; 1193; 0; 6; 1874; 1876; 1; 0
fdct.c; fdct;  0; ;  8; 1193; 0; 6; 1876; 1878; 1; 0
fdct.c; fdct;  0; ;  8; 1193; 0; 6; 1878; 1880; 1; 0
fdct.c; fdct;  0; ;  8; 1193; 0; 6; 1880; 1882; 1; 0
fdct.c; fdct;  0; ;  8; 1193; 0; 6; 1882; 1884; 2; 0
fdct.c; fdct;  0; ;  8; 1193; 0; 6; 1884; 1886; 2; 0
fdct.c; fdct;  0; ;  8; 1193; 0; 6; 1886; 1888; 1; 0
fdct.c; fdct;  0; ;  8; 1193; 0; 6; 1888; 1890; 1; 0
fdct.c; fdct;  0; ;  8; 1193; 0; 6; 1890; 1892; 1; 0
fdct.c; fdct;  0; ;  8; 1193; 0; 6; 1892; 1894; 2; 0
fdct.c; fdct;  0; ;  8; 1193; 0; 6; 1894; 1896; 2; 0
fdct.c; fdct;  0; ;  8; 1193; 0; 6; 1896; 1898; 2; 0
fdct.c; fdct;  0; ;  8; 1193; 0; 6; 1898; 1900; 2; 0
fdct.c; fdct;  0; ;  8; 1193; 0; 6; 1900; 1902; 1; 0
fdct.c; fdct;  0; ;  8; 1193; 0; 6; 1902; 1904; 1; 0
fdct.c; fdct;  0; ;  8; 1193; 0; 6; 1904; 1906; 1; 0
fdct.c; fdct;  0; ;  8; 1193; 0; 6; 1906; 1908; 1; 0
fdct.c; fdct;  0; ;  8; 1193; 0; 6; 1908; 1910; 1; 0
fdct.c; fdct;  0; ;  8; 1193; 0; 6; 1910; 1912; 1; 0
fdct.c; fdct;  0; ;  8; 1193; 0; 6; 1912; 1914; 2; 0
fdct.c; fdct;  0; ;  8; 1193; 0; 6; 1914; 1916; 2; 0
fdct.c; fdct;  0; ;  8; 1193; 0; 6; 1916; 1918; 1; 0
fdct.c; fdct;  0; ;  8; 1193; 0; 6; 1918; 1920; 1; 0
fdct.c; fdct;  0; ;  8; 1193; 0; 6; 1920; 1922; 1; 0
fdct.c; fdct;  0; ;  8; 1193; 0; 6; 1922; 1924; 2; 0
fdct.c; fdct;  0; ;  8; 1193; 0; 6; 1924; 1926; 2; 0
fdct.c; fdct;  0; ;  8; 1193; 0; 6; 1926; 1928; 1; 0
fdct.c; fdct;  0; ;  8; 1193; 0; 6; 1928; 1930; 1; 0
fdct.c; fdct;  0; ;  8; 1193; 0; 6; 1930; 1932; 2; 0
fdct.c; fdct;  0; ;  8; 1193; 0; 6; 1932; 1934; 2; 0
fdct.c; fdct;  170; ;  8; 1193; 0; 6; 1934; 1936; 2; 0
fdct.c; fdct;  0; ;  8; 1193; 0; 6; 1936; 1938; 2; 0
fdct.c; fdct;  0; ;  8; 1193; 0; 6; 1938; 1940; 1; 0
fdct.c; fdct;  0; ;  8; 1193; 0; 6; 1940; 1942; 1; 0
fdct.c; fdct;  0; ;  8; 1193; 0; 6; 1942; 1944; 1; 0
fdct.c; fdct;  0; ;  8; 1193; 0; 6; 1944; 1946; 1; 0
fdct.c; fdct;  0; ;  8; 1193; 0; 6; 1946; 1948; 1; 0
fdct.c; fdct;  0; ;  8; 1193; 0; 6; 1948; 1950; 1; 0
fdct.c; fdct;  0; ;  8; 1193; 0; 6; 1950; 1952; 1; 0
fdct.c; fdct;  0; ;  8; 1193; 0; 6; 1952; 1954; 2; 0
fdct.c; fdct;  0; ;  8; 1193; 0; 6; 1954; 1956; 2; 0
fdct.c; fdct;  0; ;  8; 1193; 0; 6; 1956; 1958; 1; 0
fdct.c; fdct;  0; ;  8; 1193; 0; 6; 1958; 1960; 1; 0
fdct.c; fdct;  0; ;  8; 1193; 0; 6; 1960; 1962; 1; 0
fdct.c; fdct;  0; ;  8; 1193; 0; 6; 1962; 1964; 2; 0
fdct.c; fdct;  0; ;  8; 1193; 0; 6; 1964; 1966; 2; 0
fdct.c; fdct;  0; ;  8; 1193; 0; 6; 1966; 1968; 2; 0
fdct.c; fdct;  0; ;  8; 1193; 0; 6; 1968; 1970; 2; 0
fdct.c; fdct;  0; ;  8; 1193; 0; 6; 1970; 1972; 1; 0
fdct.c; fdct;  0; ;  8; 1193; 0; 6; 1972; 1974; 1; 0
fdct.c; fdct;  0; ;  8; 1193; 0; 6; 1974; 1976; 1; 0
fdct.c; fdct;  0; ;  8; 1193; 0; 6; 1976; 1978; 1; 0
fdct.c; fdct;  0; ;  8; 1193; 0; 6; 1978; 1980; 1; 0
fdct.c; fdct;  0; ;  8; 1193; 0; 6; 1980; 1982; 1; 0
fdct.c; fdct;  0; ;  8; 1193; 0; 6; 1982; 1984; 2; 0
fdct.c; fdct;  0; ;  8; 1193; 0; 6; 1984; 1986; 2; 0
fdct.c; fdct;  0; ;  8; 1193; 0; 6; 1986; 1988; 1; 0
fdct.c; fdct;  0; ;  8; 1193; 0; 6; 1988; 1990; 1; 0
fdct.c; fdct;  0; ;  8; 1193; 0; 6; 1990; 1992; 1; 0
fdct.c; fdct;  0; ;  8; 1193; 0; 6; 1992; 1994; 2; 0
fdct.c; fdct;  0; ;  8; 1193; 0; 6; 1994; 1996; 2; 0
fdct.c; fdct;  0; ;  8; 1193; 0; 6; 1996; 1998; 1; 0
fdct.c; fdct;  0; ;  8; 1193; 0; 6; 1998; 2000; 1; 0
fdct.c; fdct;  0; ;  8; 1193; 0; 6; 2000; 2002; 1; 0
fdct.c; fdct;  0; ;  8; 1193; 0; 6; 2002; 2004; 1; 0
fdct.c; fdct;  0; ;  8; 1193; 0; 6; 2004; 2006; 2; 0
fdct.c; fdct;  0; ;  8; 1193; 0; 6; 2006; 2008; 2; 0
fdct.c; fdct;  176; ;  8; 1193; 0; 6; 2008; 2010; 2; 0
fdct.c; fdct;  0; ;  8; 1193; 0; 6; 2010; 2012; 2; 0
fdct.c; fdct;  0; ;  8; 1193; 0; 6; 2012; 2014; 2; 0
fdct.c; fdct;  0; ;  8; 1193; 0; 6; 2014; 2016; 2; 0
fdct.c; fdct;  0; ;  8; 1193; 0; 6; 2016; 2018; 1; 0
fdct.c; fdct;  0; ;  8; 1193; 0; 6; 2018; 2020; 1; 0
fdct.c; fdct;  0; ;  8; 1193; 0; 6; 2020; 2022; 2; 0
fdct.c; fdct;  0; ;  8; 1193; 0; 6; 2022; 2024; 2; 0
fdct.c; fdct;  177; ;  8; 1193; 0; 6; 2024; 2026; 2; 0
fdct.c; fdct;  0; ;  8; 1193; 0; 6; 2026; 2028; 2; 0
fdct.c; fdct;  0; ;  8; 1193; 0; 6; 2028; 2030; 2; 0
fdct.c; fdct;  0; ;  8; 1193; 0; 6; 2030; 2032; 2; 0
fdct.c; fdct;  0; ;  8; 1193; 0; 6; 2032; 2034; 1; 0
fdct.c; fdct;  0; ;  8; 1193; 0; 6; 2034; 2036; 1; 0
fdct.c; fdct;  0; ;  8; 1193; 0; 6; 2036; 2038; 1; 0
fdct.c; fdct;  0; ;  8; 1193; 0; 6; 2038; 2040; 1; 0
fdct.c; fdct;  0; ;  8; 1193; 0; 6; 2040; 2042; 2; 0
fdct.c; fdct;  0; ;  8; 1193; 0; 6; 2042; 2044; 2; 0
fdct.c; fdct;  178; ;  8; 1193; 0; 6; 2044; 2046; 2; 0
fdct.c; fdct;  0; ;  8; 1193; 0; 6; 2046; 2048; 2; 0
fdct.c; fdct;  0; ;  8; 1193; 0; 6; 2048; 2050; 2; 0
fdct.c; fdct;  0; ;  8; 1193; 0; 6; 2050; 2052; 2; 0
fdct.c; fdct;  0; ;  8; 1193; 0; 6; 2052; 2054; 1; 0
fdct.c; fdct;  0; ;  8; 1193; 0; 6; 2054; 2056; 1; 0
fdct.c; fdct;  0; ;  8; 1193; 0; 6; 2056; 2058; 2; 0
fdct.c; fdct;  0; ;  8; 1193; 0; 6; 2058; 2060; 2; 0
fdct.c; fdct;  179; ;  8; 1193; 0; 6; 2060; 2062; 2; 0
fdct.c; fdct;  0; ;  8; 1193; 0; 6; 2062; 2064; 2; 0
fdct.c; fdct;  0; ;  8; 1193; 0; 6; 2064; 2066; 2; 0
fdct.c; fdct;  0; ;  8; 1193; 0; 6; 2066; 2068; 2; 0
fdct.c; fdct;  0; ;  8; 1193; 0; 6; 2068; 2070; 1; 0
fdct.c; fdct;  0; ;  8; 1193; 0; 6; 2070; 2072; 1; 0
fdct.c; fdct;  0; ;  8; 1193; 0; 6; 2072; 2074; 1; 0
fdct.c; fdct;  0; ;  8; 1193; 0; 6; 2074; 2076; 1; 0
fdct.c; fdct;  0; ;  8; 1193; 0; 6; 2076; 2078; 2; 0
fdct.c; fdct;  0; ;  8; 1193; 0; 6; 2078; 2080; 2; 0
fdct.c; fdct;  181; ;  8; 1193; 0; 6; 2080; 2082; 2; 0
fdct.c; fdct;  0; ;  8; 1193; 0; 6; 2082; 2084; 2; 0
fdct.c; fdct;  0; ;  8; 1193; 0; 6; 2084; 2086; 2; 0
fdct.c; fdct;  0; ;  8; 1193; 0; 6; 2086; 2088; 2; 0
fdct.c; fdct;  0; ;  8; 1193; 0; 6; 2088; 2090; 1; 0
fdct.c; fdct;  0; ;  8; 1193; 0; 6; 2090; 2092; 1; 0
fdct.c; fdct;  0; ;  8; 1193; 0; 6; 2092; 2094; 1; 0
fdct.c; fdct;  0; ;  8; 1193; 0; 6; 2094; 2096; 1; 0
fdct.c; fdct;  0; ;  8; 1193; 0; 6; 2096; 2098; 1; 0
fdct.c; fdct;  0; ;  8; 1193; 0; 6; 2098; 2100; 1; 0
fdct.c; fdct;  0; ;  8; 1193; 0; 6; 2100; 2102; 1; 0
fdct.c; fdct;  0; ;  8; 1193; 0; 6; 2102; 2104; 1; 0
fdct.c; fdct;  0; ;  8; 1193; 0; 6; 2104; 2106; 1; 0
fdct.c; fdct;  0; ;  8; 1193; 0; 6; 2106; 2108; 1; 0
fdct.c; fdct;  0; ;  8; 1193; 0; 6; 2108; 2110; 1; 0
fdct.c; fdct;  0; ;  8; 1193; 0; 6; 2110; 2112; 1; 0
fdct.c; fdct;  0; ;  8; 1193; 0; 6; 2112; 2114; 1; 0
fdct.c; fdct;  0; ;  8; 1193; 0; 6; 2114; 2116; 2; 0
fdct.c; fdct;  0; ;  8; 1193; 0; 6; 2116; 2118; 2; 0
fdct.c; fdct;  0; ;  8; 1193; 0; 6; 2118; 2120; 1; 0
fdct.c; fdct;  0; ;  8; 1193; 0; 6; 2120; 2122; 2; 0
fdct.c; fdct;  0; ;  8; 1193; 0; 6; 2122; 2124; 2; 0
fdct.c; fdct;  182; ;  8; 1193; 0; 6; 2124; 2126; 2; 0
fdct.c; fdct;  0; ;  8; 1193; 0; 6; 2126; 2128; 2; 0
fdct.c; fdct;  0; ;  8; 1193; 0; 6; 2128; 2130; 1; 0
fdct.c; fdct;  0; ;  8; 1193; 0; 6; 2130; 2132; 1; 0
fdct.c; fdct;  0; ;  8; 1193; 0; 6; 2132; 2134; 1; 0
fdct.c; fdct;  0; ;  8; 1193; 0; 6; 2134; 2136; 1; 0
fdct.c; fdct;  0; ;  8; 1193; 0; 6; 2136; 2138; 1; 0
fdct.c; fdct;  0; ;  8; 1193; 0; 6; 2138; 2140; 1; 0
fdct.c; fdct;  0; ;  8; 1193; 0; 6; 2140; 2142; 2; 0
fdct.c; fdct;  0; ;  8; 1193; 0; 6; 2142; 2144; 2; 0
fdct.c; fdct;  0; ;  8; 1193; 0; 6; 2144; 2146; 1; 0
fdct.c; fdct;  0; ;  8; 1193; 0; 6; 2146; 2148; 1; 0
fdct.c; fdct;  0; ;  8; 1193; 0; 6; 2148; 2150; 2; 0
fdct.c; fdct;  0; ;  8; 1193; 0; 6; 2150; 2152; 2; 0
fdct.c; fdct;  0; ;  8; 1193; 0; 6; 2152; 2154; 2; 0
fdct.c; fdct;  0; ;  8; 1193; 0; 6; 2154; 2156; 2; 0
fdct.c; fdct;  0; ;  8; 1193; 0; 6; 2156; 2158; 1; 0
fdct.c; fdct;  0; ;  8; 1193; 0; 6; 2158; 2160; 1; 0
fdct.c; fdct;  0; ;  8; 1193; 0; 6; 2160; 2162; 1; 0
fdct.c; fdct;  0; ;  8; 1193; 0; 6; 2162; 2164; 1; 0
fdct.c; fdct;  0; ;  8; 1193; 0; 6; 2164; 2166; 1; 0
fdct.c; fdct;  0; ;  8; 1193; 0; 6; 2166; 2168; 1; 0
fdct.c; fdct;  0; ;  8; 1193; 0; 6; 2168; 2170; 1; 0
fdct.c; fdct;  0; ;  8; 1193; 0; 6; 2170; 2172; 1; 0
fdct.c; fdct;  0; ;  8; 1193; 0; 6; 2172; 2174; 1; 0
fdct.c; fdct;  0; ;  8; 1193; 0; 6; 2174; 2176; 1; 0
fdct.c; fdct;  0; ;  8; 1193; 0; 6; 2176; 2178; 1; 0
fdct.c; fdct;  0; ;  8; 1193; 0; 6; 2178; 2180; 1; 0
fdct.c; fdct;  0; ;  8; 1193; 0; 6; 2180; 2182; 1; 0
fdct.c; fdct;  0; ;  8; 1193; 0; 6; 2182; 2184; 1; 0
fdct.c; fdct;  0; ;  8; 1193; 0; 6; 2184; 2186; 1; 0
fdct.c; fdct;  0; ;  8; 1193; 0; 6; 2186; 2188; 2; 0
fdct.c; fdct;  0; ;  8; 1193; 0; 6; 2188; 2190; 2; 0
fdct.c; fdct;  184; ;  8; 1193; 0; 6; 2190; 2192; 1; 0
fdct.c; fdct;  0; ;  8; 1193; 0; 6; 2192; 2194; 1; 0
fdct.c; fdct;  0; ;  8; 1193; 0; 6; 2194; 2196; 2; 0
fdct.c; fdct;  0; ;  8; 1193; 0; 6; 2196; 2198; 2; 0
fdct.c; fdct;  185; ;  8; 1193; 0; 6; 2198; 2200; 2; 0
fdct.c; fdct;  0; ;  8; 1193; 0; 6; 2200; 2202; 2; 0
fdct.c; fdct;  0; ;  8; 1193; 0; 6; 2202; 2204; 2; 0
fdct.c; fdct;  0; ;  8; 1193; 0; 6; 2204; 2206; 2; 0
fdct.c; fdct;  0; ;  8; 1193; 0; 6; 2206; 2208; 1; 0
fdct.c; fdct;  0; ;  8; 1193; 0; 6; 2208; 2210; 1; 0
fdct.c; fdct;  0; ;  8; 1193; 0; 6; 2210; 2212; 1; 0
fdct.c; fdct;  0; ;  8; 1193; 0; 6; 2212; 2214; 2; 0
fdct.c; fdct;  0; ;  8; 1193; 0; 6; 2214; 2216; 2; 0
fdct.c; fdct;  0; ;  8; 1193; 0; 6; 2216; 2218; 2; 0
fdct.c; fdct;  0; ;  8; 1193; 0; 6; 2218; 2220; 1; 0
fdct.c; fdct;  0; ;  8; 1193; 0; 6; 2220; 2222; 2; 0
fdct.c; fdct;  0; ;  8; 1193; 0; 6; 2222; 2224; 1; 0
fdct.c; fdct;  0; ;  8; 1193; 0; 6; 2224; 2226; 2; 0
fdct.c; fdct;  0; ;  8; 1193; 0; 6; 2226; 2228; 1; 0
fdct.c; fdct;  0; ;  8; 1193; 0; 6; 2228; 2230; 1; 0
fdct.c; fdct;  0; ;  8; 1193; 0; 6; 2230; 2232; 2; 0
fdct.c; fdct;  0; ;  8; 1193; 0; 6; 2232; 2234; 2; 0
fdct.c; fdct;  186; ;  8; 1193; 0; 6; 2234; 2236; 1; 0
fdct.c; fdct;  0; ;  8; 1193; 0; 6; 2236; 2238; 1; 0
fdct.c; fdct;  0; ;  8; 1193; 0; 6; 2238; 2240; 2; 0
fdct.c; fdct;  0; ;  8; 1193; 0; 6; 2240; 2242; 2; 0
fdct.c; fdct;  187; ;  8; 1193; 0; 6; 2242; 2244; 2; 0
fdct.c; fdct;  0; ;  8; 1193; 0; 6; 2244; 2246; 2; 0
fdct.c; fdct;  0; ;  8; 1193; 0; 6; 2246; 2248; 1; 0
fdct.c; fdct;  0; ;  8; 1193; 0; 6; 2248; 2250; 1; 0
fdct.c; fdct;  0; ;  8; 1193; 0; 6; 2250; 2252; 1; 0
fdct.c; fdct;  0; ;  8; 1193; 0; 6; 2252; 2254; 1; 0
fdct.c; fdct;  0; ;  8; 1193; 0; 6; 2254; 2256; 2; 0
fdct.c; fdct;  0; ;  8; 1193; 0; 6; 2256; 2258; 2; 0
fdct.c; fdct;  0; ;  8; 1193; 0; 6; 2258; 2260; 1; 0
fdct.c; fdct;  0; ;  8; 1193; 0; 6; 2260; 2262; 1; 0
fdct.c; fdct;  0; ;  8; 1193; 0; 6; 2262; 2264; 2; 0
fdct.c; fdct;  0; ;  8; 1193; 0; 6; 2264; 2266; 2; 0
fdct.c; fdct;  0; ;  8; 1193; 0; 6; 2266; 2268; 2; 0
fdct.c; fdct;  0; ;  8; 1193; 0; 6; 2268; 2270; 2; 0
fdct.c; fdct;  0; ;  8; 1193; 0; 6; 2270; 2272; 2; 0
fdct.c; fdct;  0; ;  8; 1193; 0; 6; 2272; 2274; 1; 0
fdct.c; fdct;  0; ;  8; 1193; 0; 6; 2274; 2276; 2; 0
fdct.c; fdct;  0; ;  8; 1193; 0; 6; 2276; 2278; 1; 0
fdct.c; fdct;  0; ;  8; 1193; 0; 6; 2278; 2280; 2; 0
fdct.c; fdct;  0; ;  8; 1193; 0; 6; 2280; 2282; 1; 0
fdct.c; fdct;  0; ;  8; 1193; 0; 6; 2282; 2284; 1; 0
fdct.c; fdct;  0; ;  8; 1193; 0; 6; 2284; 2286; 2; 0
fdct.c; fdct;  0; ;  8; 1193; 0; 6; 2286; 2288; 2; 0
fdct.c; fdct;  0; ;  8; 1193; 0; 6; 2288; 2290; 1; 0
fdct.c; fdct;  0; ;  8; 1193; 0; 6; 2290; 2292; 1; 0
fdct.c; fdct;  0; ;  8; 1193; 0; 6; 2292; 2294; 1; 0
fdct.c; fdct;  0; ;  8; 1193; 0; 6; 2294; 2296; 1; 0
fdct.c; fdct;  0; ;  8; 1193; 0; 6; 2296; 2298; 1; 0
fdct.c; fdct;  0; ;  8; 1193; 0; 6; 2298; 2300; 1; 0
fdct.c; fdct;  0; ;  8; 1193; 0; 6; 2300; 2302; 2; 0
fdct.c; fdct;  0; ;  8; 1193; 0; 6; 2302; 2304; 2; 0
fdct.c; fdct;  188; ;  8; 1193; 0; 6; 2304; 2306; 1; 0
fdct.c; fdct;  0; ;  8; 1193; 0; 6; 2306; 2308; 1; 0
fdct.c; fdct;  0; ;  8; 1193; 0; 6; 2308; 2310; 2; 0
fdct.c; fdct;  0; ;  8; 1193; 0; 6; 2310; 2312; 2; 0
fdct.c; fdct;  189; ;  8; 1193; 0; 6; 2312; 2314; 2; 0
fdct.c; fdct;  0; ;  8; 1193; 0; 6; 2314; 2316; 2; 0
fdct.c; fdct;  0; ;  8; 1193; 0; 6; 2316; 2318; 1; 0
fdct.c; fdct;  0; ;  8; 1193; 0; 6; 2318; 2320; 1; 0
fdct.c; fdct;  0; ;  8; 1193; 0; 6; 2320; 2322; 1; 0
fdct.c; fdct;  0; ;  8; 1193; 0; 6; 2322; 2324; 1; 0
fdct.c; fdct;  0; ;  8; 1193; 0; 6; 2324; 2326; 1; 0
fdct.c; fdct;  0; ;  8; 1193; 0; 6; 2326; 2328; 1; 0
fdct.c; fdct;  0; ;  8; 1193; 0; 6; 2328; 2330; 1; 0
fdct.c; fdct;  0; ;  8; 1193; 0; 6; 2330; 2332; 1; 0
fdct.c; fdct;  0; ;  8; 1193; 0; 6; 2332; 2334; 1; 0
fdct.c; fdct;  0; ;  8; 1193; 0; 6; 2334; 2336; 2; 0
fdct.c; fdct;  0; ;  8; 1193; 0; 6; 2336; 2338; 2; 0
fdct.c; fdct;  0; ;  8; 1193; 0; 6; 2338; 2340; 1; 0
fdct.c; fdct;  0; ;  8; 1193; 0; 6; 2340; 2342; 1; 0
fdct.c; fdct;  0; ;  8; 1193; 0; 6; 2342; 2344; 2; 0
fdct.c; fdct;  0; ;  8; 1193; 0; 6; 2344; 2346; 2; 0
fdct.c; fdct;  0; ;  8; 1193; 0; 6; 2346; 2348; 2; 0
fdct.c; fdct;  0; ;  8; 1193; 0; 6; 2348; 2350; 2; 0
fdct.c; fdct;  0; ;  8; 1193; 0; 6; 2350; 2352; 2; 0
fdct.c; fdct;  0; ;  8; 1193; 0; 6; 2352; 2354; 1; 0
fdct.c; fdct;  0; ;  8; 1193; 0; 6; 2354; 2356; 2; 0
fdct.c; fdct;  0; ;  8; 1193; 0; 6; 2356; 2358; 1; 0
fdct.c; fdct;  0; ;  8; 1193; 0; 6; 2358; 2360; 2; 0
fdct.c; fdct;  0; ;  8; 1193; 0; 6; 2360; 2362; 1; 0
fdct.c; fdct;  0; ;  8; 1193; 0; 6; 2362; 2364; 1; 0
fdct.c; fdct;  0; ;  8; 1193; 0; 6; 2364; 2366; 2; 0
fdct.c; fdct;  0; ;  8; 1193; 0; 6; 2366; 2368; 2; 0
fdct.c; fdct;  0; ;  8; 1193; 0; 6; 2368; 2370; 1; 0
fdct.c; fdct;  0; ;  8; 1193; 0; 6; 2370; 2372; 1; 0
fdct.c; fdct;  0; ;  8; 1193; 0; 6; 2372; 2374; 1; 0
fdct.c; fdct;  0; ;  8; 1193; 0; 6; 2374; 2376; 1; 0
fdct.c; fdct;  0; ;  8; 1193; 0; 6; 2376; 2378; 1; 0
fdct.c; fdct;  0; ;  8; 1193; 0; 6; 2378; 2380; 1; 0
fdct.c; fdct;  0; ;  8; 1193; 0; 6; 2380; 2382; 2; 0
fdct.c; fdct;  0; ;  8; 1193; 0; 6; 2382; 2384; 2; 0
fdct.c; fdct;  196; ;  8; 1193; 0; 6; 2384; 2386; 2; 0
fdct.c; fdct;  0; ;  8; 1193; 0; 6; 2386; 2388; 2; 0
fdct.c; fdct;  0; ;  8; 1193; 0; 6; 2388; 2390; 2; 0
fdct.c; fdct;  0; ;  8; 1193; 0; 6; 2390; 2392; 2; 0
fdct.c; fdct;  0; ;  8; 1193; 0; 6; 2392; 2394; 1; 0
fdct.c; fdct;  0; ;  8; 1193; 0; 6; 2394; 2396; 1; 0
fdct.c; fdct;  0; ;  8; 1193; 0; 6; 2396; 2398; 2; 0
fdct.c; fdct;  0; ;  8; 1193; 0; 6; 2398; 2400; 2; 0
fdct.c; fdct;  197; ;  8; 1193; 0; 6; 2400; 2402; 2; 0
fdct.c; fdct;  0; ;  8; 1193; 0; 6; 2402; 2404; 2; 0
fdct.c; fdct;  0; ;  8; 1193; 0; 6; 2404; 2406; 2; 0
fdct.c; fdct;  0; ;  8; 1193; 0; 6; 2406; 2408; 2; 0
fdct.c; fdct;  0; ;  8; 1193; 0; 6; 2408; 2410; 1; 0
fdct.c; fdct;  0; ;  8; 1193; 0; 6; 2410; 2412; 1; 0
fdct.c; fdct;  0; ;  8; 1193; 0; 6; 2412; 2414; 2; 0
fdct.c; fdct;  0; ;  8; 1193; 0; 6; 2414; 2416; 2; 0
fdct.c; fdct;  198; ;  8; 1193; 0; 6; 2416; 2418; 2; 0
fdct.c; fdct;  0; ;  8; 1193; 0; 6; 2418; 2420; 2; 0
fdct.c; fdct;  0; ;  8; 1193; 0; 6; 2420; 2422; 2; 0
fdct.c; fdct;  0; ;  8; 1193; 0; 6; 2422; 2424; 2; 0
fdct.c; fdct;  0; ;  8; 1193; 0; 6; 2424; 2426; 1; 0
fdct.c; fdct;  0; ;  8; 1193; 0; 6; 2426; 2428; 1; 0
fdct.c; fdct;  0; ;  8; 1193; 0; 6; 2428; 2430; 2; 0
fdct.c; fdct;  0; ;  8; 1193; 0; 6; 2430; 2432; 2; 0
fdct.c; fdct;  199; ;  8; 1193; 0; 6; 2432; 2434; 2; 0
fdct.c; fdct;  0; ;  8; 1193; 0; 6; 2434; 2436; 2; 0
fdct.c; fdct;  0; ;  8; 1193; 0; 6; 2436; 2438; 2; 0
fdct.c; fdct;  0; ;  8; 1193; 0; 6; 2438; 2440; 2; 0
fdct.c; fdct;  0; ;  8; 1193; 0; 6; 2440; 2442; 1; 0
fdct.c; fdct;  0; ;  8; 1193; 0; 6; 2442; 2444; 1; 0
fdct.c; fdct;  0; ;  8; 1193; 0; 6; 2444; 2446; 2; 0
fdct.c; fdct;  0; ;  8; 1193; 0; 6; 2446; 2448; 2; 0
fdct.c; fdct;  200; ;  8; 1193; 0; 6; 2448; 2450; 1; 0
fdct.c; fdct;  0; ;  8; 1193; 0; 6; 2450; 2452; 1; 0
fdct.c; fdct;  0; ;  8; 1193; 0; 6; 2452; 2454; 2; 0
fdct.c; fdct;  0; ;  8; 1193; 0; 6; 2454; 2456; 2; 0
fdct.c; fdct;  201; ;  8; 1193; 0; 6; 2456; 2458; 2; 0
fdct.c; fdct;  0; ;  8; 1193; 0; 6; 2458; 2460; 2; 0
fdct.c; fdct;  0; ;  8; 1193; 0; 6; 2460; 2462; 2; 0
fdct.c; fdct;  0; ;  8; 1193; 0; 6; 2462; 2464; 2; 0
fdct.c; fdct;  0; ;  8; 1193; 0; 6; 2464; 2466; 1; 0
fdct.c; fdct;  0; ;  8; 1193; 0; 6; 2466; 2468; 1; 0
fdct.c; fdct;  0; ;  8; 1193; 0; 6; 2468; 2470; 1; 0
fdct.c; fdct;  0; ;  8; 1193; 0; 6; 2470; 2472; 2; 0
fdct.c; fdct;  0; ;  8; 1193; 0; 6; 2472; 2474; 2; 0
fdct.c; fdct;  0; ;  8; 1193; 0; 6; 2474; 2476; 2; 0
fdct.c; fdct;  0; ;  8; 1193; 0; 6; 2476; 2478; 1; 0
fdct.c; fdct;  0; ;  8; 1193; 0; 6; 2478; 2480; 2; 0
fdct.c; fdct;  0; ;  8; 1193; 0; 6; 2480; 2482; 1; 0
fdct.c; fdct;  0; ;  8; 1193; 0; 6; 2482; 2484; 2; 0
fdct.c; fdct;  0; ;  8; 1193; 0; 6; 2484; 2486; 1; 0
fdct.c; fdct;  0; ;  8; 1193; 0; 6; 2486; 2488; 1; 0
fdct.c; fdct;  0; ;  8; 1193; 0; 6; 2488; 2490; 2; 0
fdct.c; fdct;  0; ;  8; 1193; 0; 6; 2490; 2492; 2; 0
fdct.c; fdct;  203; ;  8; 1193; 0; 6; 2492; 2494; 1; 0
fdct.c; fdct;  0; ;  8; 1193; 0; 6; 2494; 2496; 1; 0
fdct.c; fdct;  0; ;  8; 1193; 0; 6; 2496; 2498; 2; 0
fdct.c; fdct;  0; ;  8; 1193; 0; 6; 2498; 2500; 2; 0
fdct.c; fdct;  204; ;  8; 1193; 0; 6; 2500; 2502; 2; 0
fdct.c; fdct;  0; ;  8; 1193; 0; 6; 2502; 2504; 2; 0
fdct.c; fdct;  0; ;  8; 1193; 0; 6; 2504; 2506; 2; 0
fdct.c; fdct;  0; ;  8; 1193; 0; 6; 2506; 2508; 2; 0
fdct.c; fdct;  0; ;  8; 1193; 0; 6; 2508; 2510; 2; 0
fdct.c; fdct;  0; ;  8; 1193; 0; 6; 2510; 2512; 1; 0
fdct.c; fdct;  0; ;  8; 1193; 0; 6; 2512; 2514; 2; 0
fdct.c; fdct;  0; ;  8; 1193; 0; 6; 2514; 2516; 1; 0
fdct.c; fdct;  0; ;  8; 1193; 0; 6; 2516; 2518; 2; 0
fdct.c; fdct;  0; ;  8; 1193; 0; 6; 2518; 2520; 1; 0
fdct.c; fdct;  0; ;  8; 1193; 0; 6; 2520; 2522; 1; 0
fdct.c; fdct;  0; ;  8; 1193; 0; 6; 2522; 2524; 2; 0
fdct.c; fdct;  0; ;  8; 1193; 0; 6; 2524; 2526; 2; 0
fdct.c; fdct;  205; ;  8; 1193; 0; 6; 2526; 2528; 1; 0
fdct.c; fdct;  0; ;  8; 1193; 0; 6; 2528; 2530; 1; 0
fdct.c; fdct;  0; ;  8; 1193; 0; 6; 2530; 2532; 2; 0
fdct.c; fdct;  0; ;  8; 1193; 0; 6; 2532; 2534; 2; 0
fdct.c; fdct;  206; ;  8; 1193; 0; 6; 2534; 2536; 2; 0
fdct.c; fdct;  0; ;  8; 1193; 0; 6; 2536; 2538; 2; 0
fdct.c; fdct;  0; ;  8; 1193; 0; 6; 2538; 2540; 2; 0
fdct.c; fdct;  0; ;  8; 1193; 0; 6; 2540; 2542; 2; 0
fdct.c; fdct;  0; ;  8; 1193; 0; 6; 2542; 2544; 2; 0
fdct.c; fdct;  0; ;  8; 1193; 0; 6; 2544; 2546; 1; 0
fdct.c; fdct;  0; ;  8; 1193; 0; 6; 2546; 2548; 2; 0
fdct.c; fdct;  0; ;  8; 1193; 0; 6; 2548; 2550; 1; 0
fdct.c; fdct;  0; ;  8; 1193; 0; 6; 2550; 2552; 2; 0
fdct.c; fdct;  0; ;  8; 1193; 0; 6; 2552; 2554; 1; 0
fdct.c; fdct;  0; ;  8; 1193; 0; 6; 2554; 2556; 1; 0
fdct.c; fdct;  0; ;  8; 1193; 0; 6; 2556; 2558; 2; 0
fdct.c; fdct;  0; ;  8; 1193; 0; 6; 2558; 2560; 2; 0
fdct.c; fdct;  207; ;  8; 1193; 0; 6; 2560; 2562; 1; 0
fdct.c; fdct;  0; ;  8; 1193; 0; 6; 2562; 2564; 1; 0
fdct.c; fdct;  0; ;  8; 1193; 0; 6; 2564; 2566; 2; 0
fdct.c; fdct;  0; ;  8; 1193; 0; 6; 2566; 2568; 2; 0
fdct.c; fdct;  208; ;  8; 1193; 0; 6; 2568; 2570; 2; 0
fdct.c; fdct;  0; ;  8; 1193; 0; 6; 2570; 2572; 2; 0
fdct.c; fdct;  0; ;  8; 1193; 0; 6; 2572; 2574; 2; 0
fdct.c; fdct;  0; ;  8; 1193; 0; 6; 2574; 2576; 2; 0
fdct.c; fdct;  0; ;  8; 1193; 0; 6; 2576; 2578; 2; 0
fdct.c; fdct;  0; ;  8; 1193; 0; 6; 2578; 2580; 1; 0
fdct.c; fdct;  0; ;  8; 1193; 0; 6; 2580; 2582; 2; 0
fdct.c; fdct;  0; ;  8; 1193; 0; 6; 2582; 2584; 1; 0
fdct.c; fdct;  0; ;  8; 1193; 0; 6; 2584; 2586; 2; 0
fdct.c; fdct;  0; ;  8; 1193; 0; 6; 2586; 2588; 1; 0
fdct.c; fdct;  0; ;  8; 1193; 0; 6; 2588; 2590; 1; 0
fdct.c; fdct;  0; ;  8; 1193; 0; 6; 2590; 2592; 2; 0
fdct.c; fdct;  0; ;  8; 1193; 0; 6; 2592; 2594; 2; 0
fdct.c; fdct;  209; ;  8; 1193; 0; 6; 2594; 2596; 1; 0
fdct.c; fdct;  0; ;  8; 1193; 0; 6; 2596; 2598; 1; 0
fdct.c; fdct;  0; ;  8; 1193; 0; 6; 2598; 2600; 2; 0
fdct.c; fdct;  0; ;  8; 1193; 0; 6; 2600; 2602; 2; 0
fdct.c; fdct;  210; ;  8; 1193; 0; 6; 2602; 2604; 2; 0
fdct.c; fdct;  0; ;  8; 1193; 0; 6; 2604; 2606; 2; 0
fdct.c; fdct;  0; ;  8; 1193; 0; 6; 2606; 2608; 2; 0
fdct.c; fdct;  0; ;  8; 1193; 0; 6; 2608; 2610; 2; 0
fdct.c; fdct;  0; ;  8; 1193; 0; 6; 2610; 2612; 2; 0
fdct.c; fdct;  0; ;  8; 1193; 0; 6; 2612; 2614; 1; 0
fdct.c; fdct;  0; ;  8; 1193; 0; 6; 2614; 2616; 2; 0
fdct.c; fdct;  0; ;  8; 1193; 0; 6; 2616; 2618; 1; 0
fdct.c; fdct;  0; ;  8; 1193; 0; 6; 2618; 2620; 2; 0
fdct.c; fdct;  0; ;  8; 1193; 0; 6; 2620; 2622; 1; 0
fdct.c; fdct;  0; ;  8; 1193; 0; 6; 2622; 2624; 1; 0
fdct.c; fdct;  0; ;  8; 1193; 0; 6; 2624; 2626; 2; 0
fdct.c; fdct;  0; ;  8; 1193; 0; 6; 2626; 2628; 2; 0
fdct.c; fdct;  211; ;  8; 1193; 0; 6; 2628; 2630; 1; 0
fdct.c; fdct;  0; ;  8; 1193; 0; 6; 2630; 2632; 1; 0
fdct.c; fdct;  0; ;  8; 1193; 0; 6; 2632; 2634; 2; 0
fdct.c; fdct;  0; ;  8; 1193; 0; 6; 2634; 2636; 2; 0
fdct.c; fdct;  212; ;  8; 1193; 0; 6; 2636; 2638; 2; 0
fdct.c; fdct;  0; ;  8; 1193; 0; 6; 2638; 2640; 2; 0
fdct.c; fdct;  0; ;  8; 1193; 0; 6; 2640; 2642; 2; 0
fdct.c; fdct;  0; ;  8; 1193; 0; 6; 2642; 2644; 2; 0
fdct.c; fdct;  0; ;  8; 1193; 0; 6; 2644; 2646; 2; 0
fdct.c; fdct;  0; ;  8; 1193; 0; 6; 2646; 2648; 1; 0
fdct.c; fdct;  0; ;  8; 1193; 0; 6; 2648; 2650; 2; 0
fdct.c; fdct;  0; ;  8; 1193; 0; 6; 2650; 2652; 1; 0
fdct.c; fdct;  0; ;  8; 1193; 0; 6; 2652; 2654; 2; 0
fdct.c; fdct;  0; ;  8; 1193; 0; 6; 2654; 2656; 1; 0
fdct.c; fdct;  0; ;  8; 1193; 0; 6; 2656; 2658; 1; 0
fdct.c; fdct;  0; ;  8; 1193; 0; 6; 2658; 2660; 2; 0
fdct.c; fdct;  0; ;  8; 1193; 0; 6; 2660; 2662; 2; 0
fdct.c; fdct;  213; ;  8; 1193; 0; 6; 2662; 2664; 1; 0
fdct.c; fdct;  0; ;  8; 1193; 0; 6; 2664; 2666; 1; 0
fdct.c; fdct;  0; ;  8; 1193; 0; 6; 2666; 2668; 2; 0
fdct.c; fdct;  0; ;  8; 1193; 0; 6; 2668; 2670; 2; 0
fdct.c; fdct;  214; ;  8; 1193; 0; 6; 2670; 2672; 2; 0
fdct.c; fdct;  0; ;  8; 1193; 0; 6; 2672; 2674; 2; 0
fdct.c; fdct;  0; ;  8; 1193; 0; 6; 2674; 2676; 2; 0
fdct.c; fdct;  0; ;  8; 1193; 0; 6; 2676; 2678; 2; 0
fdct.c; fdct;  0; ;  8; 1193; 0; 6; 2678; 2680; 2; 0
fdct.c; fdct;  0; ;  8; 1193; 0; 6; 2680; 2682; 1; 0
fdct.c; fdct;  0; ;  8; 1193; 0; 6; 2682; 2684; 2; 0
fdct.c; fdct;  0; ;  8; 1193; 0; 6; 2684; 2686; 1; 0
fdct.c; fdct;  0; ;  8; 1193; 0; 6; 2686; 2688; 2; 0
fdct.c; fdct;  0; ;  8; 1193; 0; 6; 2688; 2690; 1; 0
fdct.c; fdct;  0; ;  8; 1193; 0; 6; 2690; 2692; 1; 0
fdct.c; fdct;  0; ;  8; 1193; 0; 6; 2692; 2694; 2; 0
fdct.c; fdct;  0; ;  8; 1193; 0; 6; 2694; 2696; 2; 0
fdct.c; fdct;  215; ;  8; 1193; 0; 6; 2696; 2698; 1; 0
fdct.c; fdct;  0; ;  8; 1193; 0; 6; 2698; 2700; 1; 0
fdct.c; fdct;  0; ;  8; 1193; 0; 6; 2700; 2702; 2; 0
fdct.c; fdct;  0; ;  8; 1193; 0; 6; 2702; 2704; 2; 0
fdct.c; fdct;  216; ;  8; 1193; 0; 6; 2704; 2706; 2; 0
fdct.c; fdct;  0; ;  8; 1193; 0; 6; 2706; 2708; 2; 0
fdct.c; fdct;  0; ;  8; 1193; 0; 6; 2708; 2710; 2; 0
fdct.c; fdct;  0; ;  8; 1193; 0; 6; 2710; 2712; 2; 0
fdct.c; fdct;  0; ;  8; 1193; 0; 6; 2712; 2714; 2; 0
fdct.c; fdct;  0; ;  8; 1193; 0; 6; 2714; 2716; 1; 0
fdct.c; fdct;  0; ;  8; 1193; 0; 6; 2716; 2718; 2; 0
fdct.c; fdct;  0; ;  8; 1193; 0; 6; 2718; 2720; 1; 0
fdct.c; fdct;  0; ;  8; 1193; 0; 6; 2720; 2722; 2; 0
fdct.c; fdct;  0; ;  8; 1193; 0; 6; 2722; 2724; 1; 0
fdct.c; fdct;  0; ;  8; 1193; 0; 6; 2724; 2726; 1; 0
fdct.c; fdct;  0; ;  8; 1193; 0; 6; 2726; 2728; 2; 0
fdct.c; fdct;  0; ;  8; 1193; 0; 6; 2728; 2730; 2; 0
fdct.c; fdct;  217; ;  8; 1193; 0; 6; 2730; 2732; 1; 0
fdct.c; fdct;  0; ;  8; 1193; 0; 6; 2732; 2734; 1; 0
fdct.c; fdct;  0; ;  8; 1193; 0; 6; 2734; 2736; 2; 0
fdct.c; fdct;  0; ;  8; 1193; 0; 6; 2736; 2738; 2; 0
fdct.c; fdct;  218; ;  8; 1193; 0; 6; 2738; 2740; 2; 0
fdct.c; fdct;  0; ;  8; 1193; 0; 6; 2740; 2742; 2; 0
fdct.c; fdct;  0; ;  8; 1193; 0; 6; 2742; 2744; 2; 0
fdct.c; fdct;  0; ;  8; 1193; 0; 6; 2744; 2746; 2; 0
fdct.c; fdct;  0; ;  8; 1193; 0; 6; 2746; 2748; 2; 0
fdct.c; fdct;  0; ;  8; 1193; 0; 6; 2748; 2750; 1; 0
fdct.c; fdct;  0; ;  8; 1193; 0; 6; 2750; 2752; 2; 0
fdct.c; fdct;  0; ;  8; 1193; 0; 6; 2752; 2754; 1; 0
fdct.c; fdct;  0; ;  8; 1193; 0; 6; 2754; 2756; 2; 0
fdct.c; fdct;  0; ;  8; 1193; 0; 6; 2756; 2758; 1; 0
fdct.c; fdct;  0; ;  8; 1193; 0; 6; 2758; 2760; 1; 0
fdct.c; fdct;  0; ;  8; 1193; 0; 6; 2760; 2762; 2; 0
fdct.c; fdct;  0; ;  8; 1193; 0; 6; 2762; 2764; 2; 0
fdct.c; fdct;  220; ;  8; 1193; 0; 6; 2764; 2766; 2; 0
fdct.c; fdct;  0; ;  8; 1193; 0; 6; 2766; 2768; 2; 0
fdct.c; fdct;  0; ;  8; 1193; 0; 6; 2768; 2770; 2; 0
fdct.c; fdct;  0; ;  8; 1193; 0; 6; 2770; 2772; 2; 0
fdct.c; fdct;  0; ;  8; 1193; 0; 6; 2772; 2774; 1; 0
fdct.c; fdct;  0; ;  8; 1193; 0; 6; 2774; 2776; 1; 0
fdct.c; fdct;  0; ;  8; 1193; 0; 6; 2776; 2778; 2; 0
fdct.c; fdct;  0; ;  8; 1193; 0; 6; 2778; 2780; 2; 0
fdct.c; fdct;  221; ;  8; 1193; 0; 6; 2780; 2782; 2; 0
fdct.c; fdct;  0; ;  8; 1193; 0; 6; 2782; 2784; 2; 0
fdct.c; fdct;  0; ;  8; 1193; 0; 6; 2784; 2786; 2; 0
fdct.c; fdct;  0; ;  8; 1193; 0; 6; 2786; 2788; 2; 0
fdct.c; fdct;  0; ;  8; 1193; 0; 6; 2788; 2790; 1; 0
fdct.c; fdct;  0; ;  8; 1193; 0; 6; 2790; 2792; 1; 0
fdct.c; fdct;  0; ;  8; 1193; 0; 6; 2792; 2794; 2; 0
fdct.c; fdct;  0; ;  8; 1193; 0; 6; 2794; 2796; 2; 0
fdct.c; fdct;  223; ;  8; 1193; 0; 6; 2796; 2798; 2; 0
fdct.c; fdct;  0; ;  8; 1193; 0; 6; 2798; 2800; 2; 0
fdct.c; fdct;  0; ;  8; 1193; 0; 6; 2800; 2802; 1; 0
fdct.c; fdct;  0; ;  8; 1193; 0; 6; 2802; 2804; 1; 0
fdct.c; fdct;  0; ;  8; 1193; 0; 6; 2804; 2806; 1; 0
fdct.c; fdct;  0; ;  8; 1193; 0; 6; 2806; 2808; 1; 0
fdct.c; fdct;  0; ;  8; 1193; 0; 6; 2808; 2810; 1; 0
fdct.c; fdct;  0; ;  8; 1193; 0; 6; 2810; 2812; 1; 0
fdct.c; fdct;  0; ;  8; 1193; 0; 6; 2812; 2814; 1; 0
fdct.c; fdct;  0; ;  8; 1193; 0; 6; 2814; 2816; 1; 0
fdct.c; fdct;  0; ;  8; 1193; 0; 6; 2816; 2818; 1; 0
fdct.c; fdct;  0; ;  8; 1193; 0; 6; 2818; 2820; 1; 0
fdct.c; fdct;  0; ;  8; 1193; 0; 6; 2820; 2822; 1; 0
fdct.c; fdct;  0; ;  8; 1193; 0; 6; 2822; 2824; 1; 0
fdct.c; fdct;  0; ;  8; 1193; 0; 6; 2824; 2826; 1; 0
fdct.c; fdct;  0; ;  8; 1193; 0; 6; 2826; 2828; 2; 0
fdct.c; fdct;  0; ;  8; 1193; 0; 6; 2828; 2830; 2; 0
fdct.c; fdct;  0; ;  8; 1193; 0; 6; 2830; 2832; 1; 0
fdct.c; fdct;  0; ;  8; 1193; 0; 6; 2832; 2834; 1; 0
fdct.c; fdct;  0; ;  8; 1193; 0; 6; 2834; 2836; 2; 0
fdct.c; fdct;  0; ;  8; 1193; 0; 6; 2836; 2838; 2; 0
fdct.c; fdct;  0; ;  8; 1193; 0; 6; 2838; 2840; 2; 0
fdct.c; fdct;  0; ;  8; 1193; 0; 6; 2840; 2842; 2; 0
fdct.c; fdct;  0; ;  8; 1193; 0; 6; 2842; 2844; 1; 0
fdct.c; fdct;  0; ;  8; 1193; 0; 6; 2844; 2846; 1; 0
fdct.c; fdct;  0; ;  8; 1193; 0; 6; 2846; 2848; 2; 0
fdct.c; fdct;  0; ;  8; 1193; 0; 6; 2848; 2850; 2; 0
fdct.c; fdct;  0; ;  8; 1193; 0; 6; 2850; 2852; 1; 0
fdct.c; fdct;  0; ;  8; 1193; 0; 6; 2852; 2854; 1; 0
fdct.c; fdct;  0; ;  8; 1193; 0; 6; 2854; 2856; 1; 0
fdct.c; fdct;  0; ;  8; 1193; 0; 6; 2856; 2858; 1; 0
fdct.c; fdct;  0; ;  8; 1193; 0; 6; 2858; 2860; 1; 0
fdct.c; fdct;  0; ;  8; 1193; 0; 6; 2860; 2862; 1; 0
fdct.c; fdct;  0; ;  8; 1193; 0; 6; 2862; 2864; 2; 0
fdct.c; fdct;  0; ;  8; 1193; 0; 6; 2864; 2866; 2; 0
fdct.c; fdct;  224; ;  8; 1193; 0; 6; 2866; 2868; 2; 0
fdct.c; fdct;  0; ;  8; 1193; 0; 6; 2868; 2870; 2; 0
fdct.c; fdct;  0; ;  8; 1193; 0; 6; 2870; 2872; 1; 0
fdct.c; fdct;  0; ;  8; 1193; 0; 6; 2872; 2874; 1; 0
fdct.c; fdct;  0; ;  8; 1193; 0; 6; 2874; 2876; 1; 0
fdct.c; fdct;  0; ;  8; 1193; 0; 6; 2876; 2878; 1; 0
fdct.c; fdct;  0; ;  8; 1193; 0; 6; 2878; 2880; 1; 0
fdct.c; fdct;  0; ;  8; 1193; 0; 6; 2880; 2882; 1; 0
fdct.c; fdct;  0; ;  8; 1193; 0; 6; 2882; 2884; 1; 0
fdct.c; fdct;  0; ;  8; 1193; 0; 6; 2884; 2886; 1; 0
fdct.c; fdct;  0; ;  8; 1193; 0; 6; 2886; 2888; 1; 0
fdct.c; fdct;  0; ;  8; 1193; 0; 6; 2888; 2890; 2; 0
fdct.c; fdct;  0; ;  8; 1193; 0; 6; 2890; 2892; 2; 0
fdct.c; fdct;  0; ;  8; 1193; 0; 6; 2892; 2894; 1; 0
fdct.c; fdct;  0; ;  8; 1193; 0; 6; 2894; 2896; 1; 0
fdct.c; fdct;  0; ;  8; 1193; 0; 6; 2896; 2898; 2; 0
fdct.c; fdct;  0; ;  8; 1193; 0; 6; 2898; 2900; 2; 0
fdct.c; fdct;  0; ;  8; 1193; 0; 6; 2900; 2902; 2; 0
fdct.c; fdct;  0; ;  8; 1193; 0; 6; 2902; 2904; 2; 0
fdct.c; fdct;  0; ;  8; 1193; 0; 6; 2904; 2906; 1; 0
fdct.c; fdct;  0; ;  8; 1193; 0; 6; 2906; 2908; 1; 0
fdct.c; fdct;  0; ;  8; 1193; 0; 6; 2908; 2910; 2; 0
fdct.c; fdct;  0; ;  8; 1193; 0; 6; 2910; 2912; 2; 0
fdct.c; fdct;  0; ;  8; 1193; 0; 6; 2912; 2914; 1; 0
fdct.c; fdct;  0; ;  8; 1193; 0; 6; 2914; 2916; 1; 0
fdct.c; fdct;  0; ;  8; 1193; 0; 6; 2916; 2918; 1; 0
fdct.c; fdct;  0; ;  8; 1193; 0; 6; 2918; 2920; 1; 0
fdct.c; fdct;  0; ;  8; 1193; 0; 6; 2920; 2922; 1; 0
fdct.c; fdct;  0; ;  8; 1193; 0; 6; 2922; 2924; 1; 0
fdct.c; fdct;  0; ;  8; 1193; 0; 6; 2924; 2926; 2; 0
fdct.c; fdct;  0; ;  8; 1193; 0; 6; 2926; 2928; 2; 0
fdct.c; fdct;  225; ;  8; 1193; 0; 6; 2928; 2930; 2; 0
fdct.c; fdct;  0; ;  8; 1193; 0; 6; 2930; 2932; 2; 0
fdct.c; fdct;  0; ;  8; 1193; 0; 6; 2932; 2934; 1; 0
fdct.c; fdct;  0; ;  8; 1193; 0; 6; 2934; 2936; 1; 0
fdct.c; fdct;  0; ;  8; 1193; 0; 6; 2936; 2938; 1; 0
fdct.c; fdct;  0; ;  8; 1193; 0; 6; 2938; 2940; 1; 0
fdct.c; fdct;  0; ;  8; 1193; 0; 6; 2940; 2942; 1; 0
fdct.c; fdct;  0; ;  8; 1193; 0; 6; 2942; 2944; 1; 0
fdct.c; fdct;  0; ;  8; 1193; 0; 6; 2944; 2946; 1; 0
fdct.c; fdct;  0; ;  8; 1193; 0; 6; 2946; 2948; 2; 0
fdct.c; fdct;  0; ;  8; 1193; 0; 6; 2948; 2950; 2; 0
fdct.c; fdct;  0; ;  8; 1193; 0; 6; 2950; 2952; 1; 0
fdct.c; fdct;  0; ;  8; 1193; 0; 6; 2952; 2954; 1; 0
fdct.c; fdct;  0; ;  8; 1193; 0; 6; 2954; 2956; 2; 0
fdct.c; fdct;  0; ;  8; 1193; 0; 6; 2956; 2958; 2; 0
fdct.c; fdct;  0; ;  8; 1193; 0; 6; 2958; 2960; 2; 0
fdct.c; fdct;  0; ;  8; 1193; 0; 6; 2960; 2962; 2; 0
fdct.c; fdct;  0; ;  8; 1193; 0; 6; 2962; 2964; 1; 0
fdct.c; fdct;  0; ;  8; 1193; 0; 6; 2964; 2966; 1; 0
fdct.c; fdct;  0; ;  8; 1193; 0; 6; 2966; 2968; 2; 0
fdct.c; fdct;  0; ;  8; 1193; 0; 6; 2968; 2970; 2; 0
fdct.c; fdct;  0; ;  8; 1193; 0; 6; 2970; 2972; 1; 0
fdct.c; fdct;  0; ;  8; 1193; 0; 6; 2972; 2974; 1; 0
fdct.c; fdct;  0; ;  8; 1193; 0; 6; 2974; 2976; 1; 0
fdct.c; fdct;  0; ;  8; 1193; 0; 6; 2976; 2978; 1; 0
fdct.c; fdct;  0; ;  8; 1193; 0; 6; 2978; 2980; 1; 0
fdct.c; fdct;  0; ;  8; 1193; 0; 6; 2980; 2982; 1; 0
fdct.c; fdct;  0; ;  8; 1193; 0; 6; 2982; 2984; 2; 0
fdct.c; fdct;  0; ;  8; 1193; 0; 6; 2984; 2986; 2; 0
fdct.c; fdct;  226; ;  8; 1193; 0; 6; 2986; 2988; 2; 0
fdct.c; fdct;  0; ;  8; 1193; 0; 6; 2988; 2990; 2; 0
fdct.c; fdct;  0; ;  8; 1193; 0; 6; 2990; 2992; 1; 0
fdct.c; fdct;  0; ;  8; 1193; 0; 6; 2992; 2994; 1; 0
fdct.c; fdct;  0; ;  8; 1193; 0; 6; 2994; 2996; 2; 0
fdct.c; fdct;  0; ;  8; 1193; 0; 6; 2996; 2998; 2; 0
fdct.c; fdct;  0; ;  8; 1193; 0; 6; 2998; 3000; 1; 0
fdct.c; fdct;  0; ;  8; 1193; 0; 6; 3000; 3002; 1; 0
fdct.c; fdct;  0; ;  8; 1193; 0; 6; 3002; 3004; 2; 0
fdct.c; fdct;  0; ;  8; 1193; 0; 6; 3004; 3006; 2; 0
fdct.c; fdct;  0; ;  8; 1193; 0; 6; 3006; 3008; 2; 0
fdct.c; fdct;  0; ;  8; 1193; 0; 6; 3008; 3010; 2; 0
fdct.c; fdct;  0; ;  8; 1193; 0; 6; 3010; 3012; 1; 0
fdct.c; fdct;  0; ;  8; 1193; 0; 6; 3012; 3014; 1; 0
fdct.c; fdct;  0; ;  8; 1193; 0; 6; 3014; 3016; 2; 0
fdct.c; fdct;  0; ;  8; 1193; 0; 6; 3016; 3018; 2; 0
fdct.c; fdct;  0; ;  8; 1193; 0; 6; 3018; 3020; 1; 0
fdct.c; fdct;  0; ;  8; 1193; 0; 6; 3020; 3022; 1; 0
fdct.c; fdct;  0; ;  8; 1193; 0; 6; 3022; 3024; 1; 0
fdct.c; fdct;  0; ;  8; 1193; 0; 6; 3024; 3026; 1; 0
fdct.c; fdct;  0; ;  8; 1193; 0; 6; 3026; 3028; 1; 0
fdct.c; fdct;  0; ;  8; 1193; 0; 6; 3028; 3030; 1; 0
fdct.c; fdct;  0; ;  8; 1193; 0; 6; 3030; 3032; 2; 0
fdct.c; fdct;  0; ;  8; 1193; 0; 6; 3032; 3034; 2; 0
fdct.c; fdct;  229; ;  8; 1193; 0; 6; 3034; 3036; 2; 0
fdct.c; fdct;  0; ;  8; 1193; 0; 6; 3036; 3038; 2; 0
fdct.c; fdct;  0; ;  8; 1193; 0; 6; 3038; 3040; 2; 0
fdct.c; fdct;  0; ;  8; 1193; 0; 6; 3040; 3042; 2; 0
fdct.c; fdct;  0; ;  8; 1193; 0; 6; 3042; 3044; 2; 0
fdct.c; fdct;  161; ;  8; 1193; 0; 6; 3044; 3046; 2; 0
fdct.c; fdct;  0; ;  8; 1193; 0; 6; 3046; 3048; 2; 0
fdct.c; fdct;  0; ;  8; 1193; 0; 6; 3048; 3050; 2; 0
fdct.c; fdct;  0; ;  8; 1193; 0; 6; 3050; 3052; 2; 0
fdct.c; fdct;  0; ;  8; 1193; 0; 6; 3052; 3054; 2; 0
fdct.c; fdct;  231; ;  1; 15; 0; 7; 3066; 3068; 2; 0
fdct.c; fdct;  0; ;  1; 15; 0; 7; 3068; 3070; 1; 0
fdct.c; fdct;  0; ;  1; 15; 0; 7; 3070; 3072; 1; 0
fdct.c; fdct;  0; ;  1; 15; 0; 7; 3072; 3074; 1; 0
fdct.c; fdct;  0; ;  1; 15; 0; 7; 3074; 3076; 1; 0
fdct.c; fdct;  0; ;  1; 15; 0; 7; 3076; 3078; 1; 0
fdct.c; fdct;  0; ;  1; 15; 0; 7; 3078; 3080; 2; 0
fdct.c; fdct;  0; ;  1; 15; 0; 7; 3080; 3082; 2; 0
fdct.c; fdct;  0; ;  1; 15; 0; 7; 3082;; 4; 0
