#BB.index; BB.Target.index; BB.Target.EdgeId; Step.Target.Addr; Step.Addr; File; Subprogram; Line; Scope; Exec.Count; Exec.Time.Per; Step.Time; Step.Time.Exit; Callee.Time.Per
 1;  2;  1;  208;  206; crc.c; icrc1;  58; .icrc1;  255;  46;  2;  0;  0
 1;  2;  1;  210;  208; crc.c; icrc1;  0; .icrc1;  255;  46;  2;  0;  0
 1;  2;  1;  212;  210; crc.c; icrc1;  0; .icrc1;  255;  46;  3;  0;  0
 1;  2;  1;  214;  212; crc.c; icrc1;  0; .icrc1;  255;  46;  3;  0;  0
 1;  2;  1;  216;  214; crc.c; icrc1;  0; .icrc1;  255;  46;  3;  0;  0
 1;  2;  1;  218;  216; crc.c; icrc1;  0; .icrc1;  255;  46;  2;  0;  0
 1;  2;  1;  220;  218; crc.c; icrc1;  0; .icrc1;  255;  46;  1;  0;  0
 1;  2;  1;  222;  220; crc.c; icrc1;  0; .icrc1;  255;  46;  1;  0;  0
 1;  2;  1;  224;  222; crc.c; icrc1;  0; .icrc1;  255;  46;  2;  0;  0
 1;  2;  1;  226;  224; crc.c; icrc1;  0; .icrc1;  255;  46;  2;  0;  0
 1;  2;  1;  228;  226; crc.c; icrc1;  0; .icrc1;  255;  46;  2;  0;  0
 1;  2;  1;  230;  228; crc.c; icrc1;  60; .icrc1;  255;  46;  2;  0;  0
 1;  2;  1;  232;  230; crc.c; icrc1;  0; .icrc1;  255;  46;  1;  0;  0
 1;  2;  1;  234;  232; crc.c; icrc1;  0; .icrc1;  255;  46;  1;  0;  0
 1;  2;  1;  236;  234; crc.c; icrc1;  0; .icrc1;  255;  46;  1;  0;  0
 1;  2;  1;  238;  236; crc.c; icrc1;  0; .icrc1;  255;  46;  1;  0;  0
 1;  2;  1;  240;  238; crc.c; icrc1;  0; .icrc1;  255;  46;  1;  0;  0
 1;  2;  1;  242;  240; crc.c; icrc1;  0; .icrc1;  255;  46;  2;  0;  0
 1;  2;  1;  244;  242; crc.c; icrc1;  0; .icrc1;  255;  46;  2;  0;  0
 1;  2;  1;  246;  244; crc.c; icrc1;  0; .icrc1;  255;  46;  1;  0;  0
 1;  2;  1;  248;  246; crc.c; icrc1;  0; .icrc1;  255;  46;  1;  0;  0
 1;  2;  1;  250;  248; crc.c; icrc1;  0; .icrc1;  255;  46;  2;  0;  0
 1;  2;  1;  252;  250; crc.c; icrc1;  0; .icrc1;  255;  46;  2;  0;  0
 1;  2;  1;  254;  252; crc.c; icrc1;  62; .icrc1;  255;  46;  2;  0;  0
 1;  2;  1;  256;  254; crc.c; icrc1;  0; .icrc1;  255;  46;  2;  0;  0
 1;  2;  1;  318;  256; crc.c; icrc1;  0; .icrc1;  255;  46;  1;  1;  0
 2;  3, 4;  2, 3;  320;  318; crc.c; icrc1;  62; ;  2295;  7- 8;  2;  0;  0
 2;  3, 4;  2, 3;  322;  320; crc.c; icrc1;  0; ;  2295;  7- 8;  2;  0;  0
 2;  3, 4;  2, 3;  324;  322; crc.c; icrc1;  0; ;  2295;  7- 8;  2;  0;  0
 2;  3, 4;  2, 3;  258, 326;  324; crc.c; icrc1;  0; ;  2295;  7- 8;  1;  0- 1;  0
 3;  5, 6;  4, 5;  260;  258; crc.c; icrc1;  63; ;  2040;  6- 7;  2;  0;  0
 3;  5, 6;  4, 5;  262;  260; crc.c; icrc1;  0; ;  2040;  6- 7;  2;  0;  0
 3;  5, 6;  4, 5;  264;  262; crc.c; icrc1;  0; ;  2040;  6- 7;  1;  0;  0
 3;  5, 6;  4, 5;  266, 296;  264; crc.c; icrc1;  0; ;  2040;  6- 7;  1;  0- 1;  0
 4; ; ;  328;  326; crc.c; icrc1;  68; ;  255;  19;  2;  0;  0
 4; ; ;  330;  328; crc.c; icrc1;  0; ;  255;  19;  2;  0;  0
 4; ; ;  332;  330; crc.c; icrc1;  69; ;  255;  19;  2;  0;  0
 4; ; ;  334;  332; crc.c; icrc1;  0; ;  255;  19;  1;  0;  0
 4; ; ;  336;  334; crc.c; icrc1;  0; ;  255;  19;  1;  0;  0
 4; ; ;  338;  336; crc.c; icrc1;  0; ;  255;  19;  1;  0;  0
 4; ; ;  340;  338; crc.c; icrc1;  0; ;  255;  19;  1;  0;  0
 4; ; ;  342;  340; crc.c; icrc1;  0; ;  255;  19;  1;  0;  0
 4; ; ;  344;  342; crc.c; icrc1;  0; ;  255;  19;  2;  0;  0
 4; ; ;  346;  344; crc.c; icrc1;  0; ;  255;  19;  2;  0;  0
 4; ; ; ;  346; crc.c; icrc1;  0; ;  255;  19;  4;  0;  0
 5;  7;  6;  268;  266; crc.c; icrc1;  64; ;  2040;  24;  2;  0;  0
 5;  7;  6;  270;  268; crc.c; icrc1;  0; ;  2040;  24;  2;  0;  0
 5;  7;  6;  272;  270; crc.c; icrc1;  0; ;  2040;  24;  1;  0;  0
 5;  7;  6;  274;  272; crc.c; icrc1;  0; ;  2040;  24;  1;  0;  0
 5;  7;  6;  276;  274; crc.c; icrc1;  0; ;  2040;  24;  2;  0;  0
 5;  7;  6;  278;  276; crc.c; icrc1;  0; ;  2040;  24;  2;  0;  0
 5;  7;  6;  280;  278; crc.c; icrc1;  0; ;  2040;  24;  2;  0;  0
 5;  7;  6;  282;  280; crc.c; icrc1;  0; ;  2040;  24;  2;  0;  0
 5;  7;  6;  284;  282; crc.c; icrc1;  0; ;  2040;  24;  1;  0;  0
 5;  7;  6;  286;  284; crc.c; icrc1;  0; ;  2040;  24;  1;  0;  0
 5;  7;  6;  288;  286; crc.c; icrc1;  0; ;  2040;  24;  1;  0;  0
 5;  7;  6;  290;  288; crc.c; icrc1;  0; ;  2040;  24;  1;  0;  0
 5;  7;  6;  292;  290; crc.c; icrc1;  0; ;  2040;  24;  2;  0;  0
 5;  7;  6;  294;  292; crc.c; icrc1;  0; ;  2040;  24;  2;  0;  0
 5;  7;  6;  308;  294; crc.c; icrc1;  0; ;  2040;  24;  1;  1;  0
 6;  7;  7;  298;  296; crc.c; icrc1;  66; ;  0;  10;  2;  0;  0
 6;  7;  7;  300;  298; crc.c; icrc1;  0; ;  0;  10;  2;  0;  0
 6;  7;  7;  302;  300; crc.c; icrc1;  0; ;  0;  10;  1;  0;  0
 6;  7;  7;  304;  302; crc.c; icrc1;  0; ;  0;  10;  1;  0;  0
 6;  7;  7;  306;  304; crc.c; icrc1;  0; ;  0;  10;  2;  0;  0
 6;  7;  7;  308;  306; crc.c; icrc1;  0; ;  0;  10;  2;  0;  0
 7;  2;  8;  310;  308; crc.c; icrc1;  62; ;  2040;  10;  2;  0;  0
 7;  2;  8;  312;  310; crc.c; icrc1;  0; ;  2040;  10;  2;  0;  0
 7;  2;  8;  314;  312; crc.c; icrc1;  0; ;  2040;  10;  2;  0;  0
 7;  2;  8;  316;  314; crc.c; icrc1;  0; ;  2040;  10;  2;  0;  0
 7;  2;  8;  318;  316; crc.c; icrc1;  0; ;  2040;  10;  2;  0;  0
 1;  2, 3;  1, 2;  350;  348; crc.c; icrc;  73; .icrc;  1;  51- 52;  2;  0;  0
 1;  2, 3;  1, 2;  352;  350; crc.c; icrc;  0; .icrc;  1;  51- 52;  2;  0;  0
 1;  2, 3;  1, 2;  354;  352; crc.c; icrc;  0; .icrc;  1;  51- 52;  2;  0;  0
 1;  2, 3;  1, 2;  356;  354; crc.c; icrc;  0; .icrc;  1;  51- 52;  2;  0;  0
 1;  2, 3;  1, 2;  358;  356; crc.c; icrc;  0; .icrc;  1;  51- 52;  1;  0;  0
 1;  2, 3;  1, 2;  360;  358; crc.c; icrc;  0; .icrc;  1;  51- 52;  1;  0;  0
 1;  2, 3;  1, 2;  362;  360; crc.c; icrc;  0; .icrc;  1;  51- 52;  2;  0;  0
 1;  2, 3;  1, 2;  364;  362; crc.c; icrc;  0; .icrc;  1;  51- 52;  1;  0;  0
 1;  2, 3;  1, 2;  366;  364; crc.c; icrc;  0; .icrc;  1;  51- 52;  1;  0;  0
 1;  2, 3;  1, 2;  368;  366; crc.c; icrc;  0; .icrc;  1;  51- 52;  1;  0;  0
 1;  2, 3;  1, 2;  370;  368; crc.c; icrc;  0; .icrc;  1;  51- 52;  1;  0;  0
 1;  2, 3;  1, 2;  372;  370; crc.c; icrc;  0; .icrc;  1;  51- 52;  1;  0;  0
 1;  2, 3;  1, 2;  374;  372; crc.c; icrc;  0; .icrc;  1;  51- 52;  2;  0;  0
 1;  2, 3;  1, 2;  376;  374; crc.c; icrc;  0; .icrc;  1;  51- 52;  2;  0;  0
 1;  2, 3;  1, 2;  378;  376; crc.c; icrc;  0; .icrc;  1;  51- 52;  2;  0;  0
 1;  2, 3;  1, 2;  380;  378; crc.c; icrc;  0; .icrc;  1;  51- 52;  2;  0;  0
 1;  2, 3;  1, 2;  382;  380; crc.c; icrc;  0; .icrc;  1;  51- 52;  2;  0;  0
 1;  2, 3;  1, 2;  384;  382; crc.c; icrc;  0; .icrc;  1;  51- 52;  2;  0;  0
 1;  2, 3;  1, 2;  386;  384; crc.c; icrc;  0; .icrc;  1;  51- 52;  2;  0;  0
 1;  2, 3;  1, 2;  388;  386; crc.c; icrc;  0; .icrc;  1;  51- 52;  2;  0;  0
 1;  2, 3;  1, 2;  390;  388; crc.c; icrc;  0; .icrc;  1;  51- 52;  2;  0;  0
 1;  2, 3;  1, 2;  392;  390; crc.c; icrc;  0; .icrc;  1;  51- 52;  2;  0;  0
 1;  2, 3;  1, 2;  394;  392; crc.c; icrc;  77; .icrc;  1;  51- 52;  2;  0;  0
 1;  2, 3;  1, 2;  396;  394; crc.c; icrc;  0; .icrc;  1;  51- 52;  2;  0;  0
 1;  2, 3;  1, 2;  398;  396; crc.c; icrc;  0; .icrc;  1;  51- 52;  2;  0;  0
 1;  2, 3;  1, 2;  400;  398; crc.c; icrc;  0; .icrc;  1;  51- 52;  2;  0;  0
 1;  2, 3;  1, 2;  404;  400; crc.c; icrc;  80; .icrc;  1;  51- 52;  2;  0;  0
 1;  2, 3;  1, 2;  408;  404; crc.c; icrc;  0; .icrc;  1;  51- 52;  2;  0;  0
 1;  2, 3;  1, 2;  410;  408; crc.c; icrc;  0; .icrc;  1;  51- 52;  1;  0;  0
 1;  2, 3;  1, 2;  412, 414;  410; crc.c; icrc;  0; .icrc;  1;  51- 52;  1;  0- 1;  0
 2;  4;  3;  564;  412; ; icrc;  0; ;  0;  2;  1;  1;  0
 3;  5;  4;  416;  414; crc.c; icrc;  81; ;  1;  12;  1;  0;  0
 3;  5;  4;  418;  416; crc.c; icrc;  0; ;  1;  12;  1;  0;  0
 3;  5;  4;  422;  418; crc.c; icrc;  0; ;  1;  12;  2;  0;  0
 3;  5;  4;  426;  422; crc.c; icrc;  0; ;  1;  12;  2;  0;  0
 3;  5;  4;  428;  426; crc.c; icrc;  82; ;  1;  12;  2;  0;  0
 3;  5;  4;  430;  428; crc.c; icrc;  0; ;  1;  12;  2;  0;  0
 3;  5;  4;  550;  430; crc.c; icrc;  0; ;  1;  12;  1;  1;  0
 4;  6, 7;  5, 6;  566;  564; crc.c; icrc;  87; ;  1;  6- 7;  2;  0;  0
 4;  6, 7;  5, 6;  568;  566; crc.c; icrc;  0; ;  1;  6- 7;  2;  0;  0
 4;  6, 7;  5, 6;  570;  568; crc.c; icrc;  0; ;  1;  6- 7;  1;  0;  0
 4;  6, 7;  5, 6;  572, 598;  570; crc.c; icrc;  0; ;  1;  6- 7;  1;  0- 1;  0
 5;  8, 9;  7, 8;  552;  550; crc.c; icrc;  82; ;  256;  7- 8;  2;  0;  0
 5;  8, 9;  7, 8;  554;  552; crc.c; icrc;  0; ;  256;  7- 8;  2;  0;  0
 5;  8, 9;  7, 8;  556;  554; crc.c; icrc;  0; ;  256;  7- 8;  1;  0;  0
 5;  8, 9;  7, 8;  558;  556; crc.c; icrc;  0; ;  256;  7- 8;  1;  0;  0
 5;  8, 9;  7, 8;  560, 562;  558; crc.c; icrc;  0; ;  256;  7- 8;  1;  0- 1;  0
 6;  10;  9;  574;  572; crc.c; icrc;  87; ;  0;  18;  2;  0;  0
 6;  10;  9;  576;  574; crc.c; icrc;  0; ;  0;  18;  1;  0;  0
 6;  10;  9;  578;  576; crc.c; icrc;  0; ;  0;  18;  1;  0;  0
 6;  10;  9;  580;  578; crc.c; icrc;  0; ;  0;  18;  2;  0;  0
 6;  10;  9;  582;  580; crc.c; icrc;  0; ;  0;  18;  1;  0;  0
 6;  10;  9;  584;  582; crc.c; icrc;  0; ;  0;  18;  1;  0;  0
 6;  10;  9;  586;  584; crc.c; icrc;  0; ;  0;  18;  1;  0;  0
 6;  10;  9;  588;  586; crc.c; icrc;  0; ;  0;  18;  1;  0;  0
 6;  10;  9;  590;  588; crc.c; icrc;  0; ;  0;  18;  1;  0;  0
 6;  10;  9;  592;  590; crc.c; icrc;  0; ;  0;  18;  1;  0;  0
 6;  10;  9;  594;  592; crc.c; icrc;  0; ;  0;  18;  2;  0;  0
 6;  10;  9;  596;  594; crc.c; icrc;  0; ;  0;  18;  2;  0;  0
 6;  10;  9;  660;  596; crc.c; icrc;  0; ;  0;  18;  1;  1;  0
 7;  11, 10;  10, 11;  600;  598; crc.c; icrc;  88; ;  1;  6- 7;  2;  0;  0
 7;  11, 10;  10, 11;  602;  600; crc.c; icrc;  0; ;  1;  6- 7;  2;  0;  0
 7;  11, 10;  10, 11;  604;  602; crc.c; icrc;  0; ;  1;  6- 7;  1;  0;  0
 7;  11, 10;  10, 11;  606, 660;  604; crc.c; icrc;  0; ;  1;  6- 7;  1;  0- 1;  0
 8;  9, 4;  12, 13;  562, 564;  560; ; icrc;  0; ;  1;  1- 2;  1;  0- 1;  0
 9;  12;  14;  432;  562; ; icrc;  0; ;  255;  13;  1;  1;  0
 9;  12;  14;  434;  432; crc.c; icrc;  83; ;  255;  13;  2;  0;  0
 9;  12;  14;  436;  434; crc.c; icrc;  0; ;  255;  13;  2;  0;  0
 9;  12;  14;  438;  436; crc.c; icrc;  0; ;  255;  13;  1;  0;  0
 9;  12;  14;  440;  438; crc.c; icrc;  0; ;  255;  13;  1;  0;  0
 9;  12;  14;  442;  440; crc.c; icrc;  0; ;  255;  13;  1;  0;  0
 9;  12;  14;  442;  442; crc.c; icrc;  0; ;  255;  13;  4;  0;  0
 10;  13;  15;  662;  660; crc.c; icrc;  93; ;  1;  8;  1;  0;  0
 10;  13;  15;  664;  662; crc.c; icrc;  0; ;  1;  8;  1;  0;  0
 10;  13;  15;  666;  664; crc.c; icrc;  0; ;  1;  8;  2;  0;  0
 10;  13;  15;  668;  666; crc.c; icrc;  0; ;  1;  8;  2;  0;  0
 10;  13;  15;  798;  668; crc.c; icrc;  0; ;  1;  8;  1;  1;  0
 11;  10;  16;  608;  606; crc.c; icrc;  89; ;  1;  34;  2;  0;  0
 11;  10;  16;  610;  608; crc.c; icrc;  0; ;  1;  34;  2;  0;  0
 11;  10;  16;  612;  610; crc.c; icrc;  0; ;  1;  34;  1;  0;  0
 11;  10;  16;  614;  612; crc.c; icrc;  0; ;  1;  34;  1;  0;  0
 11;  10;  16;  616;  614; crc.c; icrc;  0; ;  1;  34;  1;  0;  0
 11;  10;  16;  618;  616; crc.c; icrc;  0; ;  1;  34;  1;  0;  0
 11;  10;  16;  620;  618; crc.c; icrc;  0; ;  1;  34;  1;  0;  0
 11;  10;  16;  622;  620; crc.c; icrc;  0; ;  1;  34;  1;  0;  0
 11;  10;  16;  624;  622; crc.c; icrc;  0; ;  1;  34;  1;  0;  0
 11;  10;  16;  626;  624; crc.c; icrc;  0; ;  1;  34;  2;  0;  0
 11;  10;  16;  628;  626; crc.c; icrc;  0; ;  1;  34;  1;  0;  0
 11;  10;  16;  630;  628; crc.c; icrc;  0; ;  1;  34;  1;  0;  0
 11;  10;  16;  632;  630; crc.c; icrc;  0; ;  1;  34;  2;  0;  0
 11;  10;  16;  634;  632; crc.c; icrc;  0; ;  1;  34;  1;  0;  0
 11;  10;  16;  636;  634; crc.c; icrc;  0; ;  1;  34;  1;  0;  0
 11;  10;  16;  638;  636; crc.c; icrc;  0; ;  1;  34;  1;  0;  0
 11;  10;  16;  640;  638; crc.c; icrc;  0; ;  1;  34;  1;  0;  0
 11;  10;  16;  642;  640; crc.c; icrc;  0; ;  1;  34;  1;  0;  0
 11;  10;  16;  644;  642; crc.c; icrc;  0; ;  1;  34;  2;  0;  0
 11;  10;  16;  646;  644; crc.c; icrc;  0; ;  1;  34;  1;  0;  0
 11;  10;  16;  648;  646; crc.c; icrc;  0; ;  1;  34;  1;  0;  0
 11;  10;  16;  650;  648; crc.c; icrc;  0; ;  1;  34;  1;  0;  0
 11;  10;  16;  652;  650; crc.c; icrc;  0; ;  1;  34;  1;  0;  0
 11;  10;  16;  654;  652; crc.c; icrc;  0; ;  1;  34;  1;  0;  0
 11;  10;  16;  656;  654; crc.c; icrc;  0; ;  1;  34;  1;  0;  0
 11;  10;  16;  658;  656; crc.c; icrc;  0; ;  1;  34;  2;  0;  0
 11;  10;  16;  660;  658; crc.c; icrc;  0; ;  1;  34;  2;  0;  0
 12;  14;  17;  446;  442; ; icrc;  0; ;  255;  0;  0;  0;  456
 13;  15, 16;  18, 19;  800;  798; crc.c; icrc;  93; ;  43;  20- 21;  2;  0;  0
 13;  15, 16;  18, 19;  802;  800; crc.c; icrc;  0; ;  43;  20- 21;  2;  0;  0
 13;  15, 16;  18, 19;  804;  802; crc.c; icrc;  0; ;  43;  20- 21;  1;  0;  0
 13;  15, 16;  18, 19;  806;  804; crc.c; icrc;  0; ;  43;  20- 21;  1;  0;  0
 13;  15, 16;  18, 19;  808;  806; crc.c; icrc;  0; ;  43;  20- 21;  1;  0;  0
 13;  15, 16;  18, 19;  810;  808; crc.c; icrc;  0; ;  43;  20- 21;  2;  0;  0
 13;  15, 16;  18, 19;  812;  810; crc.c; icrc;  0; ;  43;  20- 21;  2;  0;  0
 13;  15, 16;  18, 19;  814;  812; crc.c; icrc;  0; ;  43;  20- 21;  2;  0;  0
 13;  15, 16;  18, 19;  816;  814; crc.c; icrc;  0; ;  43;  20- 21;  2;  0;  0
 13;  15, 16;  18, 19;  818;  816; crc.c; icrc;  0; ;  43;  20- 21;  1;  0;  0
 13;  15, 16;  18, 19;  820;  818; crc.c; icrc;  0; ;  43;  20- 21;  1;  0;  0
 13;  15, 16;  18, 19;  822;  820; crc.c; icrc;  0; ;  43;  20- 21;  1;  0;  0
 13;  15, 16;  18, 19;  824;  822; crc.c; icrc;  0; ;  43;  20- 21;  1;  0;  0
 13;  15, 16;  18, 19;  826, 828;  824; crc.c; icrc;  0; ;  43;  20- 21;  1;  0- 1;  0
 14;  5;  20;  448;  446; ; icrc;  0; ;  255;  70;  1;  0;  0
 14;  5;  20;  450;  448; ; icrc;  0; ;  255;  70;  2;  0;  0
 14;  5;  20;  452;  450; ; icrc;  0; ;  255;  70;  2;  0;  0
 14;  5;  20;  454;  452; ; icrc;  0; ;  255;  70;  1;  0;  0
 14;  5;  20;  456;  454; ; icrc;  0; ;  255;  70;  1;  0;  0
 14;  5;  20;  458;  456; ; icrc;  0; ;  255;  70;  1;  0;  0
 14;  5;  20;  460;  458; ; icrc;  0; ;  255;  70;  1;  0;  0
 14;  5;  20;  462;  460; ; icrc;  0; ;  255;  70;  1;  0;  0
 14;  5;  20;  464;  462; ; icrc;  0; ;  255;  70;  2;  0;  0
 14;  5;  20;  466;  464; ; icrc;  0; ;  255;  70;  2;  0;  0
 14;  5;  20;  468;  466; crc.c; icrc;  84; ;  255;  70;  2;  0;  0
 14;  5;  20;  470;  468; crc.c; icrc;  0; ;  255;  70;  2;  0;  0
 14;  5;  20;  472;  470; crc.c; icrc;  0; ;  255;  70;  1;  0;  0
 14;  5;  20;  474;  472; crc.c; icrc;  0; ;  255;  70;  1;  0;  0
 14;  5;  20;  476;  474; crc.c; icrc;  0; ;  255;  70;  1;  0;  0
 14;  5;  20;  478;  476; crc.c; icrc;  0; ;  255;  70;  1;  0;  0
 14;  5;  20;  480;  478; crc.c; icrc;  0; ;  255;  70;  1;  0;  0
 14;  5;  20;  482;  480; crc.c; icrc;  0; ;  255;  70;  2;  0;  0
 14;  5;  20;  484;  482; crc.c; icrc;  0; ;  255;  70;  1;  0;  0
 14;  5;  20;  486;  484; crc.c; icrc;  0; ;  255;  70;  1;  0;  0
 14;  5;  20;  488;  486; crc.c; icrc;  0; ;  255;  70;  1;  0;  0
 14;  5;  20;  490;  488; crc.c; icrc;  0; ;  255;  70;  1;  0;  0
 14;  5;  20;  492;  490; crc.c; icrc;  0; ;  255;  70;  1;  0;  0
 14;  5;  20;  494;  492; crc.c; icrc;  0; ;  255;  70;  1;  0;  0
 14;  5;  20;  496;  494; crc.c; icrc;  0; ;  255;  70;  1;  0;  0
 14;  5;  20;  498;  496; crc.c; icrc;  0; ;  255;  70;  1;  0;  0
 14;  5;  20;  500;  498; crc.c; icrc;  0; ;  255;  70;  1;  0;  0
 14;  5;  20;  502;  500; crc.c; icrc;  0; ;  255;  70;  2;  0;  0
 14;  5;  20;  504;  502; crc.c; icrc;  0; ;  255;  70;  2;  0;  0
 14;  5;  20;  506;  504; crc.c; icrc;  0; ;  255;  70;  1;  0;  0
 14;  5;  20;  508;  506; crc.c; icrc;  0; ;  255;  70;  1;  0;  0
 14;  5;  20;  510;  508; crc.c; icrc;  0; ;  255;  70;  1;  0;  0
 14;  5;  20;  512;  510; crc.c; icrc;  0; ;  255;  70;  1;  0;  0
 14;  5;  20;  514;  512; crc.c; icrc;  0; ;  255;  70;  1;  0;  0
 14;  5;  20;  516;  514; crc.c; icrc;  0; ;  255;  70;  1;  0;  0
 14;  5;  20;  518;  516; crc.c; icrc;  0; ;  255;  70;  1;  0;  0
 14;  5;  20;  520;  518; crc.c; icrc;  0; ;  255;  70;  1;  0;  0
 14;  5;  20;  522;  520; crc.c; icrc;  0; ;  255;  70;  1;  0;  0
 14;  5;  20;  524;  522; crc.c; icrc;  0; ;  255;  70;  2;  0;  0
 14;  5;  20;  526;  524; crc.c; icrc;  0; ;  255;  70;  1;  0;  0
 14;  5;  20;  528;  526; crc.c; icrc;  0; ;  255;  70;  1;  0;  0
 14;  5;  20;  530;  528; crc.c; icrc;  0; ;  255;  70;  2;  0;  0
 14;  5;  20;  532;  530; crc.c; icrc;  0; ;  255;  70;  2;  0;  0
 14;  5;  20;  534;  532; crc.c; icrc;  0; ;  255;  70;  1;  0;  0
 14;  5;  20;  536;  534; crc.c; icrc;  0; ;  255;  70;  1;  0;  0
 14;  5;  20;  538;  536; crc.c; icrc;  0; ;  255;  70;  1;  0;  0
 14;  5;  20;  540;  538; crc.c; icrc;  0; ;  255;  70;  2;  0;  0
 14;  5;  20;  542;  540; crc.c; icrc;  82; ;  255;  70;  2;  0;  0
 14;  5;  20;  544;  542; crc.c; icrc;  0; ;  255;  70;  2;  0;  0
 14;  5;  20;  546;  544; crc.c; icrc;  0; ;  255;  70;  2;  0;  0
 14;  5;  20;  548;  546; crc.c; icrc;  0; ;  255;  70;  2;  0;  0
 14;  5;  20;  550;  548; crc.c; icrc;  0; ;  255;  70;  2;  0;  0
 15;  17, 18;  21, 22;  670;  826; ; icrc;  0; ;  42;  8- 9;  1;  1;  0
 15;  17, 18;  21, 22;  672;  670; crc.c; icrc;  94; ;  42;  8- 9;  2;  0;  0
 15;  17, 18;  21, 22;  674;  672; crc.c; icrc;  0; ;  42;  8- 9;  2;  0;  0
 15;  17, 18;  21, 22;  676;  674; crc.c; icrc;  0; ;  42;  8- 9;  1;  0;  0
 15;  17, 18;  21, 22;  678, 722;  676; crc.c; icrc;  0; ;  42;  8- 9;  1;  0- 1;  0
 16;  19, 20;  23, 24;  830;  828; crc.c; icrc;  102; ;  1;  6- 7;  2;  0;  0
 16;  19, 20;  23, 24;  832;  830; crc.c; icrc;  0; ;  1;  6- 7;  2;  0;  0
 16;  19, 20;  23, 24;  834;  832; crc.c; icrc;  0; ;  1;  6- 7;  1;  0;  0
 16;  19, 20;  23, 24;  836, 846;  834; crc.c; icrc;  0; ;  1;  6- 7;  1;  0- 1;  0
 17;  21;  25;  680;  678; crc.c; icrc;  95; ;  42;  31;  2;  0;  0
 17;  21;  25;  682;  680; crc.c; icrc;  0; ;  42;  31;  2;  0;  0
 17;  21;  25;  684;  682; crc.c; icrc;  0; ;  42;  31;  1;  0;  0
 17;  21;  25;  686;  684; crc.c; icrc;  0; ;  42;  31;  1;  0;  0
 17;  21;  25;  688;  686; crc.c; icrc;  0; ;  42;  31;  1;  0;  0
 17;  21;  25;  690;  688; crc.c; icrc;  0; ;  42;  31;  2;  0;  0
 17;  21;  25;  692;  690; crc.c; icrc;  0; ;  42;  31;  1;  0;  0
 17;  21;  25;  694;  692; crc.c; icrc;  0; ;  42;  31;  1;  0;  0
 17;  21;  25;  696;  694; crc.c; icrc;  0; ;  42;  31;  1;  0;  0
 17;  21;  25;  698;  696; crc.c; icrc;  0; ;  42;  31;  1;  0;  0
 17;  21;  25;  700;  698; crc.c; icrc;  0; ;  42;  31;  1;  0;  0
 17;  21;  25;  702;  700; crc.c; icrc;  0; ;  42;  31;  2;  0;  0
 17;  21;  25;  704;  702; crc.c; icrc;  0; ;  42;  31;  2;  0;  0
 17;  21;  25;  706;  704; crc.c; icrc;  0; ;  42;  31;  2;  0;  0
 17;  21;  25;  708;  706; crc.c; icrc;  0; ;  42;  31;  1;  0;  0
 17;  21;  25;  710;  708; crc.c; icrc;  0; ;  42;  31;  1;  0;  0
 17;  21;  25;  712;  710; crc.c; icrc;  0; ;  42;  31;  1;  0;  0
 17;  21;  25;  714;  712; crc.c; icrc;  0; ;  42;  31;  1;  0;  0
 17;  21;  25;  716;  714; crc.c; icrc;  0; ;  42;  31;  1;  0;  0
 17;  21;  25;  718;  716; crc.c; icrc;  0; ;  42;  31;  2;  0;  0
 17;  21;  25;  720;  718; crc.c; icrc;  0; ;  42;  31;  2;  0;  0
 17;  21;  25;  752;  720; crc.c; icrc;  0; ;  42;  31;  1;  1;  0
 18;  21;  26;  724;  722; crc.c; icrc;  98; ;  0;  22;  2;  0;  0
 18;  21;  26;  726;  724; crc.c; icrc;  0; ;  0;  22;  2;  0;  0
 18;  21;  26;  728;  726; crc.c; icrc;  0; ;  0;  22;  1;  0;  0
 18;  21;  26;  730;  728; crc.c; icrc;  0; ;  0;  22;  1;  0;  0
 18;  21;  26;  732;  730; crc.c; icrc;  0; ;  0;  22;  1;  0;  0
 18;  21;  26;  734;  732; crc.c; icrc;  0; ;  0;  22;  2;  0;  0
 18;  21;  26;  736;  734; crc.c; icrc;  0; ;  0;  22;  2;  0;  0
 18;  21;  26;  738;  736; crc.c; icrc;  0; ;  0;  22;  2;  0;  0
 18;  21;  26;  740;  738; crc.c; icrc;  0; ;  0;  22;  1;  0;  0
 18;  21;  26;  742;  740; crc.c; icrc;  0; ;  0;  22;  1;  0;  0
 18;  21;  26;  744;  742; crc.c; icrc;  0; ;  0;  22;  1;  0;  0
 18;  21;  26;  746;  744; crc.c; icrc;  0; ;  0;  22;  1;  0;  0
 18;  21;  26;  748;  746; crc.c; icrc;  0; ;  0;  22;  1;  0;  0
 18;  21;  26;  750;  748; crc.c; icrc;  0; ;  0;  22;  2;  0;  0
 18;  21;  26;  752;  750; crc.c; icrc;  0; ;  0;  22;  2;  0;  0
 19;  22;  27;  838;  836; crc.c; icrc;  103; ;  0;  10;  2;  0;  0
 19;  22;  27;  840;  838; crc.c; icrc;  0; ;  0;  10;  2;  0;  0
 19;  22;  27;  842;  840; crc.c; icrc;  0; ;  0;  10;  2;  0;  0
 19;  22;  27;  844;  842; crc.c; icrc;  0; ;  0;  10;  2;  0;  0
 19;  22;  27;  900;  844; crc.c; icrc;  0; ;  0;  10;  1;  1;  0
 20;  22;  28;  848;  846; crc.c; icrc;  106; ;  1;  34;  2;  0;  0
 20;  22;  28;  850;  848; crc.c; icrc;  0; ;  1;  34;  2;  0;  0
 20;  22;  28;  852;  850; crc.c; icrc;  0; ;  1;  34;  1;  0;  0
 20;  22;  28;  854;  852; crc.c; icrc;  0; ;  1;  34;  1;  0;  0
 20;  22;  28;  856;  854; crc.c; icrc;  0; ;  1;  34;  1;  0;  0
 20;  22;  28;  858;  856; crc.c; icrc;  0; ;  1;  34;  1;  0;  0
 20;  22;  28;  860;  858; crc.c; icrc;  0; ;  1;  34;  1;  0;  0
 20;  22;  28;  862;  860; crc.c; icrc;  0; ;  1;  34;  1;  0;  0
 20;  22;  28;  864;  862; crc.c; icrc;  0; ;  1;  34;  1;  0;  0
 20;  22;  28;  866;  864; crc.c; icrc;  0; ;  1;  34;  2;  0;  0
 20;  22;  28;  868;  866; crc.c; icrc;  0; ;  1;  34;  1;  0;  0
 20;  22;  28;  870;  868; crc.c; icrc;  0; ;  1;  34;  1;  0;  0
 20;  22;  28;  872;  870; crc.c; icrc;  0; ;  1;  34;  2;  0;  0
 20;  22;  28;  874;  872; crc.c; icrc;  0; ;  1;  34;  1;  0;  0
 20;  22;  28;  876;  874; crc.c; icrc;  0; ;  1;  34;  1;  0;  0
 20;  22;  28;  878;  876; crc.c; icrc;  0; ;  1;  34;  1;  0;  0
 20;  22;  28;  880;  878; crc.c; icrc;  0; ;  1;  34;  1;  0;  0
 20;  22;  28;  882;  880; crc.c; icrc;  0; ;  1;  34;  1;  0;  0
 20;  22;  28;  884;  882; crc.c; icrc;  0; ;  1;  34;  2;  0;  0
 20;  22;  28;  886;  884; crc.c; icrc;  0; ;  1;  34;  1;  0;  0
 20;  22;  28;  888;  886; crc.c; icrc;  0; ;  1;  34;  1;  0;  0
 20;  22;  28;  890;  888; crc.c; icrc;  0; ;  1;  34;  1;  0;  0
 20;  22;  28;  892;  890; crc.c; icrc;  0; ;  1;  34;  1;  0;  0
 20;  22;  28;  894;  892; crc.c; icrc;  0; ;  1;  34;  1;  0;  0
 20;  22;  28;  896;  894; crc.c; icrc;  0; ;  1;  34;  1;  0;  0
 20;  22;  28;  898;  896; crc.c; icrc;  0; ;  1;  34;  2;  0;  0
 20;  22;  28;  900;  898; crc.c; icrc;  0; ;  1;  34;  2;  0;  0
 21;  13;  29;  754;  752; crc.c; icrc;  100; ;  42;  35;  2;  0;  0
 21;  13;  29;  756;  754; crc.c; icrc;  0; ;  42;  35;  2;  0;  0
 21;  13;  29;  758;  756; crc.c; icrc;  0; ;  42;  35;  1;  0;  0
 21;  13;  29;  760;  758; crc.c; icrc;  0; ;  42;  35;  1;  0;  0
 21;  13;  29;  762;  760; crc.c; icrc;  0; ;  42;  35;  1;  0;  0
 21;  13;  29;  764;  762; crc.c; icrc;  0; ;  42;  35;  1;  0;  0
 21;  13;  29;  766;  764; crc.c; icrc;  0; ;  42;  35;  1;  0;  0
 21;  13;  29;  768;  766; crc.c; icrc;  0; ;  42;  35;  2;  0;  0
 21;  13;  29;  770;  768; crc.c; icrc;  0; ;  42;  35;  2;  0;  0
 21;  13;  29;  772;  770; crc.c; icrc;  0; ;  42;  35;  2;  0;  0
 21;  13;  29;  774;  772; crc.c; icrc;  0; ;  42;  35;  1;  0;  0
 21;  13;  29;  776;  774; crc.c; icrc;  0; ;  42;  35;  1;  0;  0
 21;  13;  29;  778;  776; crc.c; icrc;  0; ;  42;  35;  1;  0;  0
 21;  13;  29;  780;  778; crc.c; icrc;  0; ;  42;  35;  1;  0;  0
 21;  13;  29;  782;  780; crc.c; icrc;  0; ;  42;  35;  1;  0;  0
 21;  13;  29;  784;  782; crc.c; icrc;  0; ;  42;  35;  1;  0;  0
 21;  13;  29;  786;  784; crc.c; icrc;  0; ;  42;  35;  2;  0;  0
 21;  13;  29;  788;  786; crc.c; icrc;  0; ;  42;  35;  2;  0;  0
 21;  13;  29;  790;  788; crc.c; icrc;  93; ;  42;  35;  2;  0;  0
 21;  13;  29;  792;  790; crc.c; icrc;  0; ;  42;  35;  2;  0;  0
 21;  13;  29;  794;  792; crc.c; icrc;  0; ;  42;  35;  2;  0;  0
 21;  13;  29;  796;  794; crc.c; icrc;  0; ;  42;  35;  2;  0;  0
 21;  13;  29;  798;  796; crc.c; icrc;  0; ;  42;  35;  2;  0;  0
 22; ; ;  902;  900; crc.c; icrc;  108; ;  1;  23;  2;  0;  0
 22; ; ;  904;  902; crc.c; icrc;  0; ;  1;  23;  2;  0;  0
 22; ; ;  906;  904; crc.c; icrc;  109; ;  1;  23;  2;  0;  0
 22; ; ;  908;  906; crc.c; icrc;  0; ;  1;  23;  1;  0;  0
 22; ; ;  910;  908; crc.c; icrc;  0; ;  1;  23;  1;  0;  0
 22; ; ;  912;  910; crc.c; icrc;  0; ;  1;  23;  1;  0;  0
 22; ; ;  914;  912; crc.c; icrc;  0; ;  1;  23;  1;  0;  0
 22; ; ;  916;  914; crc.c; icrc;  0; ;  1;  23;  1;  0;  0
 22; ; ;  918;  916; crc.c; icrc;  0; ;  1;  23;  2;  0;  0
 22; ; ;  920;  918; crc.c; icrc;  0; ;  1;  23;  2;  0;  0
 22; ; ;  922;  920; crc.c; icrc;  0; ;  1;  23;  2;  0;  0
 22; ; ;  924;  922; crc.c; icrc;  0; ;  1;  23;  2;  0;  0
 22; ; ; ;  924; crc.c; icrc;  0; ;  1;  23;  4;  0;  0
